<?xml version="1.0"?>
<proximus:cpp_implementations xmlns:proximus="http://proximusda.com/html">
	<load_file path="cpp_implementations/enc_dec/enc_dec.xml"/>
	<load_file path="cpp_implementations/uart1/uart1.xml"/>
	<load_file path="cpp_implementations/uart2/uart2.xml"/>
	<load_file path="cpp_implementations/mcu/mcu.xml"/>
	<load_file path="cpp_implementations/check_key/check_key.xml"/>
	<load_file path="cpp_implementations/check_out/check_out.xml"/>
	<load_file path="cpp_implementations/parse_data/parse_data.xml"/>
	<load_file path="cpp_implementations/nvm/nvm.xml"/>
	<load_file path="cpp_implementations/receive_key/receive_key.xml"/>
	<load_file path="cpp_implementations/write_file/write_file.xml"/>
	<load_file path="cpp_implementations/read_input_data/read_input_data.xml"/>
	<load_file path="cpp_implementations/write_output_data/write_output_data.xml"/>
</proximus:cpp_implementations>
