<?xml version="1.0"?>
<proximus:interface xmlns:proximus="http://proximusda.com/html" xmlns:interface="interface" 
	name="mcu_2" 
	description="" 
	label="mcu_2" 
	automatically_created="false" 
	owner_project="verifiable_chain.xml" 
	generate_ports="" 
	includes="" 
	c_flags="" 
	l_flags="" 
	default_implementation="hierarchical_implementations/mcu_2/mcu_2.xml" 
	type="Non Canonical" 
	image_path="">
	<interface:parameters>
	</interface:parameters>
	<interface:ports>
	</interface:ports>
	<interface:implementations>
		<load_file path="hierarchical_implementations/mcu_2/mcu_2.xml"/>
	</interface:implementations>
	<interface:real_designs>
	</interface:real_designs>
	<interface:sources>
	</interface:sources>
</proximus:interface>
