<?xml version="1.0"?>
<proximus:cpp_implementation xmlns:proximus="http://proximusda.com/html" xmlns:cpp_implementation="cpp_implementation" 
	name="nvm" 
	description="" 
	label="nvm" 
	automatically_created="false" 
	owner_project="verifiable_chain.xml" 
	interface="interfaces/NVM/NVM.xml" 
	generate_fire="false" 
	generate_initialize="false" 
	generate_globals="false" 
	generate_member_variables="false" 
	generate_member_functions="false" 
	generate_includes="false" 
	c_flags="" 
	l_flags="" 
	generate_finalize="false">
	<cpp_implementation:fire><![CDATA[
std::cout << "------  NVM -----" << std::endl;

//declare NVM memory
proximus::hw_ip::vector<char, 2*SIZE>  memory = '0';

//input/output ports
proximus::hw_ip::vector<char,SIZE> get_key;
proximus::hw_ip::vector<char,SIZE> send_key;
proximus::hw_ip::vector<char,SIZE> confirm_key;
int read_address;
int write_address;

blocking_pop(input.write_key, get_key);
blocking_pop(input.read_from_address, read_address);
blocking_pop(input.write_in_address, write_address);

//std::cout<<"NVM: read_address "<<read_address<<std::endl;
//std::cout<<"NVM: write_address "<<write_address<<std::endl;
//std::cout<<"NVM: key "<<get_key<<std::endl;


int KEY_SIZE = 0;
KEY_SIZE = get_key.size();
confirm_key='\0';

if  (write_address == 1 or write_address == 0) {
//-    if (get_key != 0 ) {
       // std::cerr<<"NVM| write_address "<<write_address<<std::endl;
       // std::cout<<"NVM| get_key "<<get_key<<std::endl;       
        write_in_memory (get_key, KEY_SIZE,  memory, write_address);
       read_from_memory (confirm_key, KEY_SIZE,  memory, write_address);
       confirm_key = get_key;
//--    }
} else {
        std::cerr<<"Error10:AddressValueIsInvalid| NVM  write_address is invalid "<<write_address<<std::endl;
}


if (read_address ==1 or read_address == 0) {
    //std::cout<<"NVM| read_address "<<write_address<<std::endl;
    read_from_memory (send_key, SIZE, memory, read_address);
    send_key = get_key;
//    std::cout<<"NVM| send_key "<<send_key<<std::endl;

} else {
        std::cerr<<"Error10:AddressValueIsInvalid| NVM read_address is invalid"<<read_address<<std::endl;
}


blocking_push(output.read_key, send_key);

set_finished();
std::cout << "------  NVM finished ------" << std::endl;

	]]></cpp_implementation:fire>
	<cpp_implementation:initialize><![CDATA[
	]]></cpp_implementation:initialize>
	<cpp_implementation:elaborate><![CDATA[
	]]></cpp_implementation:elaborate>
	<cpp_implementation:globals><![CDATA[
	]]></cpp_implementation:globals>
	<cpp_implementation:member_variables><![CDATA[
	]]></cpp_implementation:member_variables>
	<cpp_implementation:member_functions><![CDATA[
void write_in_memory (const proximus::hw_ip::vector<char, SIZE> & key, const int key_size,  proximus::hw_ip::vector<char, 2*SIZE> &  memory, const int & address) {
        
       if (address == 0 ) {
           std::cout<<"Write in Address: "<<address<<"key size : "<<key_size<<std::endl;
            for (int i=address; i<key_size; i++){
                memory[i] = key[i];
            }        
        } else if (address == 1 ) {
            for (int i=SIZE; i<SIZE+key_size; i++){
                memory[i] = key[i];
            }        
        } else {
            std::cerr<<"Error2:InvalidValue:NVM: Invalid Address Specified."<<std::endl;
        }
}


void read_from_memory (proximus::hw_ip::vector<char, SIZE> & get_key,  const int key_size,  const proximus::hw_ip::vector<char, 2*SIZE> & memory, const int & address) {
         std::cout<<"Read from Address: "<<address<<"key size : "<<key_size<<std::endl;
        if (address == 0 ) {
            for (int i=address; i<key_size; i++){
                get_key[i] = memory[i];
            }        

        } else if (address == 1 ) {
                 std::cout<<"ppppppppppp "<<std::endl;
            for (int i=SIZE; i<SIZE+key_size; i++){
                get_key[i] = memory[i];
            }        
        } else {
            std::cerr<<"Error2:InvalidValue:NVM: Invalid Address Specified."<<std::endl;
        }    
}

	]]></cpp_implementation:member_functions>
	<cpp_implementation:includes><![CDATA[
	]]></cpp_implementation:includes>
	<cpp_implementation:finalize><![CDATA[
	]]></cpp_implementation:finalize>
	<cpp_implementation:sources>
	</cpp_implementation:sources>
	<cpp_implementation:state_variables>
	</cpp_implementation:state_variables>
</proximus:cpp_implementation>
