<?xml version="1.0"?>
<proximus:interface xmlns:proximus="http://proximusda.com/html" xmlns:interface="interface" 
	name="write_output_data" 
	description="" 
	label="write_enc_data" 
	automatically_created="false" 
	owner_project="verifiable_chain.xml" 
	generate_ports="" 
	includes="" 
	c_flags="" 
	l_flags="" 
	default_implementation="cpp_implementations/write_output_data/write_output_data.xml" 
	type="Non Canonical" 
	image_path="">
	<interface:parameters>
		<interface:parameter 
			name="file_path" 
			description="" 
			label="file_path" 
			automatically_created="false" 
			type="std::string" 
			default_value="&quot;/home/zarine_g/openssl_proximus/dec_output.txt&quot;" 
			owner_interface="interfaces/write_output_data/write_output_data.xml">
		</interface:parameter>
	</interface:parameters>
	<interface:ports>
		<interface:port 
			name="in" 
			description="" 
			label="in" 
			automatically_created="false" 
		type="proximus::hw_ip::vector&lt;char, SIZE&gt;" 
		direction="Input" 
		alignment="Bottom" 
		data_access="false" 
			asynchronous="false" 
			owner_interface="interfaces/write_output_data/write_output_data.xml">
		</interface:port>
	</interface:ports>
	<interface:implementations>
		<load_file path="cpp_implementations/write_output_data/write_output_data.xml"/>
	</interface:implementations>
	<interface:real_designs>
	</interface:real_designs>
	<interface:sources>
	</interface:sources>
</proximus:interface>
