<?xml version="1.0"?>
<proximus:cpp_implementation xmlns:proximus="http://proximusda.com/html" xmlns:cpp_implementation="cpp_implementation" 
	name="mcu" 
	description="" 
	label="mcu" 
	automatically_created="false" 
	owner_project="verifiable_chain.xml" 
	interface="interfaces/MCU/MCU.xml" 
	generate_fire="false" 
	generate_initialize="false" 
	generate_globals="false" 
	generate_member_variables="false" 
	generate_member_functions="false" 
	generate_includes="false" 
	c_flags="" 
	l_flags="" 
	generate_finalize="false">
	<cpp_implementation:fire><![CDATA[
std::cout << "------  MCU -----" << std::endl;
proximus::hw_ip::vector<char, SIZE>  data1;
//wait(input.uart1_rx);
//data  = *input.uart1_rx;
//pop(input.uart1_rx );
blocking_pop(input.uart1_rx, data1);

//wait(output.uart1_tx_out); 
//*output.uart1_tx_out = data;
//push(output.uart1_tx_out);
blocking_push(output.uart1_tx_out, data1);

proximus::hw_ip::vector<char, SIZE>  data2;
blocking_pop(input.uart2_rx, data2);

//Start Encryption

    // Load public key
    FILE* public_key_file = fopen("/home/zarine_g/openssl_proximus/public1.pem", "rb");
    if (!public_key_file) {
        std::cerr << "Error loading public key file." << std::endl;
        set_finished();
    }
    RSA* rsa_public_key = PEM_read_RSA_PUBKEY(public_key_file, nullptr, nullptr, nullptr);
    fclose(public_key_file);
    if (!rsa_public_key) {
        std::cerr << "Error loading public key." << std::endl;
        set_finished();
    }

    // Encryption
    std::string plaintext = "Hello, world!";
    std::string encrypted = rsa_encrypt(plaintext, rsa_public_key);
    std::cout << "Encrypted: " << encrypted << std::endl;

    RSA_free(rsa_public_key);
//    RSA_free(rsa_private_key);

 
//Encrypton has been finished


blocking_push(output.uart2_tx_out, data2);
std::cout<<"Uart2 data "<< data2<<std::endl;
std::cout << "------  MCU finihed -----" << std::endl;

set_finished();

	]]></cpp_implementation:fire>
	<cpp_implementation:initialize><![CDATA[
	]]></cpp_implementation:initialize>
	<cpp_implementation:elaborate><![CDATA[
	]]></cpp_implementation:elaborate>
	<cpp_implementation:globals><![CDATA[
	]]></cpp_implementation:globals>
	<cpp_implementation:member_variables><![CDATA[
	]]></cpp_implementation:member_variables>
	<cpp_implementation:member_functions><![CDATA[
// Function to encrypt data using RSA public key
std::string rsa_encrypt(const std::string& plaintext, RSA* rsa_public_key) {
    int rsa_len = RSA_size(rsa_public_key);
    unsigned char* ciphertext = new unsigned char[rsa_len];
    int ciphertext_len = RSA_public_encrypt(plaintext.size(), reinterpret_cast<const unsigned char*>(plaintext.c_str()), ciphertext, rsa_public_key, RSA_PKCS1_PADDING);
    std::string encrypted(reinterpret_cast<char*>(ciphertext), ciphertext_len);
    delete[] ciphertext;
    return encrypted;
}

// Function to decrypt data using RSA private key
std::string rsa_decrypt(const std::string& ciphertext, RSA* rsa_private_key) {
    int rsa_len = RSA_size(rsa_private_key);
    unsigned char* plaintext = new unsigned char[rsa_len];
    int plaintext_len = RSA_private_decrypt(ciphertext.size(), reinterpret_cast<const unsigned char*>(ciphertext.c_str()), plaintext, rsa_private_key, RSA_PKCS1_PADDING);
    std::string decrypted(reinterpret_cast<char*>(plaintext), plaintext_len);
    delete[] plaintext;
    return decrypted;
}

	]]></cpp_implementation:member_functions>
	<cpp_implementation:includes><![CDATA[
#include <openssl/rsa.h>
#include <openssl/pem.h>
#include <iostream>
#include <string>
	]]></cpp_implementation:includes>
	<cpp_implementation:finalize><![CDATA[
	]]></cpp_implementation:finalize>
	<cpp_implementation:sources>
	</cpp_implementation:sources>
	<cpp_implementation:state_variables>
	</cpp_implementation:state_variables>
</proximus:cpp_implementation>
