<?xml version="1.0"?>
<proximus:cpp_implementation xmlns:proximus="http://proximusda.com/html" xmlns:cpp_implementation="cpp_implementation" 
	name="read_input_data" 
	description="" 
	label="read_enc_data" 
	automatically_created="false" 
	owner_project="verifiable_chain.xml" 
	interface="interfaces/read_input_data/read_input_data.xml" 
	generate_fire="false" 
	generate_initialize="false" 
	generate_globals="false" 
	generate_member_variables="false" 
	generate_member_functions="false" 
	generate_includes="false" 
	c_flags="-I/home/zarine_g/json-develop/include/ -std=c++11" 
	l_flags="" 
	generate_finalize="false">
	<cpp_implementation:fire><![CDATA[
std::cout << "------  read enc file --------" << std::endl;
std::ifstream file(parameter.file_path);
if (!file.is_open()) {
    std::cerr << "Error0:OpenFile: Read Input Data: Failed to open file!" << std::endl;
}

// Read JSON from file
nlohmann::json jsonData;
file >> jsonData;

// Close file
file.close();
std::string command = jsonData["command"];
std::string key = jsonData["key"];
std::string data = jsonData["data"];

proximus::hw_ip::vector<char, SIZE> vec;
vec.resize(SIZE);
for (int j = 0; j < command.length(); j++) {
    vec[j] = command[j];
}
vec[command.length()] = '\0';
blocking_push(output.out, vec);
for (int j = 0; j < key.length(); j++) {
    vec[j] = key[j];
}
vec[key.length()] = '\0';
blocking_push(output.out, vec);

std::ifstream inputFile(data);

// Check if the file is successfully opened
if (!inputFile.is_open()) {
    std::cerr << "Error0:OpenFile: Read File: Failed to open file!" << std::endl;
}

std::string line; 
int data_length = 0;
while (getline(inputFile, line)) {
    for(int i=0; i < line.length(); i++) {
        vec[data_length] = line[i];
         data_length++;
    }
}

//for (int j = 0; j < data.length(); j++) {
//    vec[j] = data[j];
//}
vec[data_length] = '\0';
blocking_push(output.out, vec);

//blocking_push(output.out, command);
//blocking_push(output.out, key);
//blocking_push(output.out, data);
std::cout << "------  read end file finihsed ------" << std::endl;
set_finished();

	]]></cpp_implementation:fire>
	<cpp_implementation:initialize><![CDATA[
	]]></cpp_implementation:initialize>
	<cpp_implementation:elaborate><![CDATA[
	]]></cpp_implementation:elaborate>
	<cpp_implementation:globals><![CDATA[
	]]></cpp_implementation:globals>
	<cpp_implementation:member_variables><![CDATA[
	]]></cpp_implementation:member_variables>
	<cpp_implementation:member_functions><![CDATA[
	]]></cpp_implementation:member_functions>
	<cpp_implementation:includes><![CDATA[
#include <nlohmann/json.hpp>
	]]></cpp_implementation:includes>
	<cpp_implementation:finalize><![CDATA[
	]]></cpp_implementation:finalize>
	<cpp_implementation:sources>
	</cpp_implementation:sources>
	<cpp_implementation:state_variables>
	</cpp_implementation:state_variables>
</proximus:cpp_implementation>
