<?xml version="1.0"?>
<proximus:reporter xmlns:proximus="http://proximusda.com/html" xmlns:reporter="reporter" xmlns:log="log" 
	log_path="/home/zarine_g/reports">
	<reporter:logs>
		<reporter:log 
			caption="derived_signals" 
			name="log_0" 
			log_path="/home/zarine_g/reports" 
			reporter="Reporter">
			<log:signals>
			</log:signals>
		</reporter:log>
		<reporter:log 
			caption="profile_19_8_30" 
			name="log_1" 
			log_path="$(PROXIMUS_ENV_PROJECT_ROOT)/real_applications/mcu_2/real_profiles/profile_19_8_30" 
			reporter="Reporter">
			<log:signals>
				<log:signal 
					name="MCU_check_key_confirm_fill_level" 
					caption="MCU_check_key_confirm_fill_level" 
					id="&amp;s1" 
					signal_type="Continuous" 
					value_type="Integer Type" 
					value_unit="fill_level" 
					time_unit="sec" 
					log_file_name="$(PROXIMUS_ENV_PROJECT_ROOT)/real_applications/mcu_2/real_profiles/profile_19_8_30/MCU_check_key_confirm_fill_level" 
					log_path="$(PROXIMUS_ENV_PROJECT_ROOT)/real_applications/mcu_2/real_profiles/profile_19_8_30" 
					logger="" 
					log="log_1" 
					current_time="0" 
					current_double_value="" 
					current_integer_value="0" 
					current_value="">
				</log:signal>
				<log:signal 
					name="MCU_check_key_write_in_address_fill_level" 
					caption="MCU_check_key_write_in_address_fill_level" 
					id="&amp;s2" 
					signal_type="Continuous" 
					value_type="Integer Type" 
					value_unit="fill_level" 
					time_unit="sec" 
					log_file_name="$(PROXIMUS_ENV_PROJECT_ROOT)/real_applications/mcu_2/real_profiles/profile_19_8_30/MCU_check_key_write_in_address_fill_level" 
					log_path="$(PROXIMUS_ENV_PROJECT_ROOT)/real_applications/mcu_2/real_profiles/profile_19_8_30" 
					logger="" 
					log="log_1" 
					current_time="0" 
					current_double_value="" 
					current_integer_value="0" 
					current_value="">
				</log:signal>
				<log:signal 
					name="MCU_check_key_write_key_fill_level" 
					caption="MCU_check_key_write_key_fill_level" 
					id="&amp;s3" 
					signal_type="Continuous" 
					value_type="Integer Type" 
					value_unit="fill_level" 
					time_unit="sec" 
					log_file_name="$(PROXIMUS_ENV_PROJECT_ROOT)/real_applications/mcu_2/real_profiles/profile_19_8_30/MCU_check_key_write_key_fill_level" 
					log_path="$(PROXIMUS_ENV_PROJECT_ROOT)/real_applications/mcu_2/real_profiles/profile_19_8_30" 
					logger="" 
					log="log_1" 
					current_time="0" 
					current_double_value="" 
					current_integer_value="0" 
					current_value="">
				</log:signal>
				<log:signal 
					name="MCU_check_out_out_fill_level" 
					caption="MCU_check_out_out_fill_level" 
					id="&amp;s4" 
					signal_type="Continuous" 
					value_type="Integer Type" 
					value_unit="fill_level" 
					time_unit="sec" 
					log_file_name="$(PROXIMUS_ENV_PROJECT_ROOT)/real_applications/mcu_2/real_profiles/profile_19_8_30/MCU_check_out_out_fill_level" 
					log_path="$(PROXIMUS_ENV_PROJECT_ROOT)/real_applications/mcu_2/real_profiles/profile_19_8_30" 
					logger="" 
					log="log_1" 
					current_time="0" 
					current_double_value="" 
					current_integer_value="0" 
					current_value="">
				</log:signal>
				<log:signal 
					name="MCU_parse_data_read_from_address_fill_level" 
					caption="MCU_parse_data_read_from_address_fill_level" 
					id="&amp;s5" 
					signal_type="Continuous" 
					value_type="Integer Type" 
					value_unit="fill_level" 
					time_unit="sec" 
					log_file_name="$(PROXIMUS_ENV_PROJECT_ROOT)/real_applications/mcu_2/real_profiles/profile_19_8_30/MCU_parse_data_read_from_address_fill_level" 
					log_path="$(PROXIMUS_ENV_PROJECT_ROOT)/real_applications/mcu_2/real_profiles/profile_19_8_30" 
					logger="" 
					log="log_1" 
					current_time="0" 
					current_double_value="" 
					current_integer_value="0" 
					current_value="">
				</log:signal>
				<log:signal 
					name="MCU_parse_data_send_in_data_fill_level" 
					caption="MCU_parse_data_send_in_data_fill_level" 
					id="&amp;s6" 
					signal_type="Continuous" 
					value_type="Integer Type" 
					value_unit="fill_level" 
					time_unit="sec" 
					log_file_name="$(PROXIMUS_ENV_PROJECT_ROOT)/real_applications/mcu_2/real_profiles/profile_19_8_30/MCU_parse_data_send_in_data_fill_level" 
					log_path="$(PROXIMUS_ENV_PROJECT_ROOT)/real_applications/mcu_2/real_profiles/profile_19_8_30" 
					logger="" 
					log="log_1" 
					current_time="0" 
					current_double_value="" 
					current_integer_value="0" 
					current_value="">
				</log:signal>
				<log:signal 
					name="MCU_enc_dec_error_fill_level" 
					caption="MCU_enc_dec_error_fill_level" 
					id="&amp;s7" 
					signal_type="Continuous" 
					value_type="Integer Type" 
					value_unit="fill_level" 
					time_unit="sec" 
					log_file_name="$(PROXIMUS_ENV_PROJECT_ROOT)/real_applications/mcu_2/real_profiles/profile_19_8_30/MCU_enc_dec_error_fill_level" 
					log_path="$(PROXIMUS_ENV_PROJECT_ROOT)/real_applications/mcu_2/real_profiles/profile_19_8_30" 
					logger="" 
					log="log_1" 
					current_time="0" 
					current_double_value="" 
					current_integer_value="0" 
					current_value="">
				</log:signal>
				<log:signal 
					name="MCU_enc_dec_out_data_fill_level" 
					caption="MCU_enc_dec_out_data_fill_level" 
					id="&amp;s8" 
					signal_type="Continuous" 
					value_type="Integer Type" 
					value_unit="fill_level" 
					time_unit="sec" 
					log_file_name="$(PROXIMUS_ENV_PROJECT_ROOT)/real_applications/mcu_2/real_profiles/profile_19_8_30/MCU_enc_dec_out_data_fill_level" 
					log_path="$(PROXIMUS_ENV_PROJECT_ROOT)/real_applications/mcu_2/real_profiles/profile_19_8_30" 
					logger="" 
					log="log_1" 
					current_time="0" 
					current_double_value="" 
					current_integer_value="0" 
					current_value="">
				</log:signal>
				<log:signal 
					name="UART1_RX_out_fill_level" 
					caption="UART1_RX_out_fill_level" 
					id="&amp;s9" 
					signal_type="Continuous" 
					value_type="Integer Type" 
					value_unit="fill_level" 
					time_unit="sec" 
					log_file_name="$(PROXIMUS_ENV_PROJECT_ROOT)/real_applications/mcu_2/real_profiles/profile_19_8_30/UART1_RX_out_fill_level" 
					log_path="$(PROXIMUS_ENV_PROJECT_ROOT)/real_applications/mcu_2/real_profiles/profile_19_8_30" 
					logger="" 
					log="log_1" 
					current_time="0" 
					current_double_value="" 
					current_integer_value="0" 
					current_value="">
				</log:signal>
				<log:signal 
					name="UART1_TX_out_fill_level" 
					caption="UART1_TX_out_fill_level" 
					id="&amp;s10" 
					signal_type="Continuous" 
					value_type="Integer Type" 
					value_unit="fill_level" 
					time_unit="sec" 
					log_file_name="$(PROXIMUS_ENV_PROJECT_ROOT)/real_applications/mcu_2/real_profiles/profile_19_8_30/UART1_TX_out_fill_level" 
					log_path="$(PROXIMUS_ENV_PROJECT_ROOT)/real_applications/mcu_2/real_profiles/profile_19_8_30" 
					logger="" 
					log="log_1" 
					current_time="0" 
					current_double_value="" 
					current_integer_value="0" 
					current_value="">
				</log:signal>
				<log:signal 
					name="UART2_rx_out_fill_level" 
					caption="UART2_rx_out_fill_level" 
					id="&amp;s11" 
					signal_type="Continuous" 
					value_type="Integer Type" 
					value_unit="fill_level" 
					time_unit="sec" 
					log_file_name="$(PROXIMUS_ENV_PROJECT_ROOT)/real_applications/mcu_2/real_profiles/profile_19_8_30/UART2_rx_out_fill_level" 
					log_path="$(PROXIMUS_ENV_PROJECT_ROOT)/real_applications/mcu_2/real_profiles/profile_19_8_30" 
					logger="" 
					log="log_1" 
					current_time="0" 
					current_double_value="" 
					current_integer_value="0" 
					current_value="">
				</log:signal>
				<log:signal 
					name="UART2_TX_fill_level" 
					caption="UART2_TX_fill_level" 
					id="&amp;s12" 
					signal_type="Continuous" 
					value_type="Integer Type" 
					value_unit="fill_level" 
					time_unit="sec" 
					log_file_name="$(PROXIMUS_ENV_PROJECT_ROOT)/real_applications/mcu_2/real_profiles/profile_19_8_30/UART2_TX_fill_level" 
					log_path="$(PROXIMUS_ENV_PROJECT_ROOT)/real_applications/mcu_2/real_profiles/profile_19_8_30" 
					logger="" 
					log="log_1" 
					current_time="0" 
					current_double_value="" 
					current_integer_value="0" 
					current_value="">
				</log:signal>
				<log:signal 
					name="read_in_data_out_fill_level" 
					caption="read_in_data_out_fill_level" 
					id="&amp;s13" 
					signal_type="Continuous" 
					value_type="Integer Type" 
					value_unit="fill_level" 
					time_unit="sec" 
					log_file_name="$(PROXIMUS_ENV_PROJECT_ROOT)/real_applications/mcu_2/real_profiles/profile_19_8_30/read_in_data_out_fill_level" 
					log_path="$(PROXIMUS_ENV_PROJECT_ROOT)/real_applications/mcu_2/real_profiles/profile_19_8_30" 
					logger="" 
					log="log_1" 
					current_time="0" 
					current_double_value="" 
					current_integer_value="0" 
					current_value="">
				</log:signal>
				<log:signal 
					name="NVM_read_key_fill_level" 
					caption="NVM_read_key_fill_level" 
					id="&amp;s14" 
					signal_type="Continuous" 
					value_type="Integer Type" 
					value_unit="fill_level" 
					time_unit="sec" 
					log_file_name="$(PROXIMUS_ENV_PROJECT_ROOT)/real_applications/mcu_2/real_profiles/profile_19_8_30/NVM_read_key_fill_level" 
					log_path="$(PROXIMUS_ENV_PROJECT_ROOT)/real_applications/mcu_2/real_profiles/profile_19_8_30" 
					logger="" 
					log="log_1" 
					current_time="0" 
					current_double_value="" 
					current_integer_value="0" 
					current_value="">
				</log:signal>
				<log:signal 
					name="NVM_confirm_key_fill_level" 
					caption="NVM_confirm_key_fill_level" 
					id="&amp;s15" 
					signal_type="Continuous" 
					value_type="Integer Type" 
					value_unit="fill_level" 
					time_unit="sec" 
					log_file_name="$(PROXIMUS_ENV_PROJECT_ROOT)/real_applications/mcu_2/real_profiles/profile_19_8_30/NVM_confirm_key_fill_level" 
					log_path="$(PROXIMUS_ENV_PROJECT_ROOT)/real_applications/mcu_2/real_profiles/profile_19_8_30" 
					logger="" 
					log="log_1" 
					current_time="0" 
					current_double_value="" 
					current_integer_value="0" 
					current_value="">
				</log:signal>
				<log:signal 
					name="read_file_out_fill_level" 
					caption="read_file_out_fill_level" 
					id="&amp;s16" 
					signal_type="Continuous" 
					value_type="Integer Type" 
					value_unit="fill_level" 
					time_unit="sec" 
					log_file_name="$(PROXIMUS_ENV_PROJECT_ROOT)/real_applications/mcu_2/real_profiles/profile_19_8_30/read_file_out_fill_level" 
					log_path="$(PROXIMUS_ENV_PROJECT_ROOT)/real_applications/mcu_2/real_profiles/profile_19_8_30" 
					logger="" 
					log="log_1" 
					current_time="0" 
					current_double_value="" 
					current_integer_value="0" 
					current_value="">
				</log:signal>
			</log:signals>
		</reporter:log>
	</reporter:logs>
	<reporter:units>
	</reporter:units>
</proximus:reporter>
