<?xml version="1.0"?>
<proximus:cpp_implementation xmlns:proximus="http://proximusda.com/html" xmlns:cpp_implementation="cpp_implementation" 
	name="check_out" 
	description="" 
	label="check_out" 
	automatically_created="false" 
	owner_project="verifiable_chain.xml" 
	interface="interfaces/check_out/check_out.xml" 
	generate_fire="false" 
	generate_initialize="false" 
	generate_globals="false" 
	generate_member_variables="false" 
	generate_member_functions="false" 
	generate_includes="false" 
	c_flags="" 
	l_flags="" 
	generate_finalize="false">
	<cpp_implementation:fire><![CDATA[
std::cout << "------  Check Out  -----" << std::endl;

proximus::hw_ip::vector<char, SIZE>  data;
int error;
std::string error_msg = "Encryption/Decryption: Failed.";

blocking_pop(input.error, error);


if (error == 1) {
    std::cerr<<"Error6: EncDecFailed:Check Out:" << error<<std::endl;
     for(int i=0; i < error_msg.length(); i++) {
             data.push_back(error_msg[i]);
     }    
} else if (error == 0) {
     blocking_pop(input.data, data);
} else {
    std::cerr<<"Error6: Error DataIsInvalid:Check Out:" << error<<std::endl;
}

 blocking_push(output.out, data);

std::cout << "------  Check Out Finished  -----" << std::endl;
set_finished();
	]]></cpp_implementation:fire>
	<cpp_implementation:initialize><![CDATA[
	]]></cpp_implementation:initialize>
	<cpp_implementation:elaborate><![CDATA[
	]]></cpp_implementation:elaborate>
	<cpp_implementation:globals><![CDATA[
	]]></cpp_implementation:globals>
	<cpp_implementation:member_variables><![CDATA[
	]]></cpp_implementation:member_variables>
	<cpp_implementation:member_functions><![CDATA[
	]]></cpp_implementation:member_functions>
	<cpp_implementation:includes><![CDATA[
	]]></cpp_implementation:includes>
	<cpp_implementation:finalize><![CDATA[
	]]></cpp_implementation:finalize>
	<cpp_implementation:sources>
	</cpp_implementation:sources>
	<cpp_implementation:state_variables>
	</cpp_implementation:state_variables>
</proximus:cpp_implementation>
