<?xml version="1.0"?>
<proximus:cpp_implementation xmlns:proximus="http://proximusda.com/html" xmlns:cpp_implementation="cpp_implementation" 
	name="write_file" 
	description="" 
	label="write_file" 
	automatically_created="false" 
	owner_project="verifiable_chain.xml" 
	interface="interfaces/write_file/write_file.xml" 
	generate_fire="false" 
	generate_initialize="false" 
	generate_globals="false" 
	generate_member_variables="false" 
	generate_member_functions="false" 
	generate_includes="false" 
	c_flags="" 
	l_flags="" 
	generate_finalize="false">
	<cpp_implementation:fire><![CDATA[
std::cout << "------  write_file -----" << std::endl;
std::ofstream outputFile(parameter.file_path);

 // Check if the file is successfully opened
    if (!outputFile.is_open()) {
       std::cerr << "Error0:OpenFile: Read File: Failed to open file!" << std::endl;
    }

    //proximus::hw_ip::vector<char, SIZE> data;
    std::string confirm;
    
    blocking_pop(input.in, confirm);
    //wait(input.in);
    //pop(input.in);
    //data = *input.in;
std::string cc = "HELLO";
std::cout<<"cccccccccccccccccc "<<cc<<std::endl;

    std::cout << "Final confirmation message: " << confirm<< std::endl;    
    outputFile << confirm;
    outputFile.close();
    std::cout << "------  write_file finished -----" << std::endl;
    
//set_finished();
	]]></cpp_implementation:fire>
	<cpp_implementation:initialize><![CDATA[
	]]></cpp_implementation:initialize>
	<cpp_implementation:elaborate><![CDATA[
	]]></cpp_implementation:elaborate>
	<cpp_implementation:globals><![CDATA[
	]]></cpp_implementation:globals>
	<cpp_implementation:member_variables><![CDATA[
	]]></cpp_implementation:member_variables>
	<cpp_implementation:member_functions><![CDATA[
	]]></cpp_implementation:member_functions>
	<cpp_implementation:includes><![CDATA[
#include <iostream>
#include <fstream>
	]]></cpp_implementation:includes>
	<cpp_implementation:finalize><![CDATA[
	]]></cpp_implementation:finalize>
	<cpp_implementation:sources>
	</cpp_implementation:sources>
	<cpp_implementation:state_variables>
	</cpp_implementation:state_variables>
</proximus:cpp_implementation>
