<?xml version="1.0"?>
<proximus:interface xmlns:proximus="http://proximusda.com/html" xmlns:interface="interface" 
	name="enc_dec" 
	description="" 
	label="enc_dec" 
	automatically_created="false" 
	owner_project="verifiable_chain.xml" 
	generate_ports="" 
	includes="" 
	c_flags="" 
	l_flags="" 
	default_implementation="cpp_implementations/enc_dec/enc_dec.xml" 
	type="Non Canonical" 
	image_path="">
	<interface:parameters>
	</interface:parameters>
	<interface:ports>
		<interface:port 
			name="in_data" 
			description="" 
			label="in_data" 
			automatically_created="false" 
		type="proximus::hw_ip::vector&lt;char, SIZE&gt;" 
		direction="Input" 
		alignment="Bottom" 
		data_access="false" 
			asynchronous="false" 
			owner_interface="interfaces/enc_dec/enc_dec.xml">
		</interface:port>
		<interface:port 
			name="error" 
			description="" 
			label="error" 
			automatically_created="false" 
		type="int" 
		direction="Output" 
		alignment="Top" 
		data_access="false" 
			asynchronous="false" 
			owner_interface="interfaces/enc_dec/enc_dec.xml">
		</interface:port>
		<interface:port 
			name="out_data" 
			description="" 
			label="out_data" 
			automatically_created="false" 
		type="proximus::hw_ip::vector&lt;char, SIZE&gt;" 
		direction="Output" 
		alignment="Top" 
		data_access="false" 
			asynchronous="false" 
			owner_interface="interfaces/enc_dec/enc_dec.xml">
		</interface:port>
		<interface:port 
			name="key" 
			description="" 
			label="key" 
			automatically_created="false" 
		type="proximus::hw_ip::vector&lt;char, SIZE&gt;" 
		direction="Input" 
		alignment="Bottom" 
		data_access="false" 
			asynchronous="false" 
			owner_interface="interfaces/enc_dec/enc_dec.xml">
		</interface:port>
	</interface:ports>
	<interface:implementations>
		<load_file path="cpp_implementations/enc_dec/enc_dec.xml"/>
	</interface:implementations>
	<interface:real_designs>
	</interface:real_designs>
	<interface:sources>
	</interface:sources>
</proximus:interface>
