<?xml version="1.0"?>
<proximus:cpp_implementation xmlns:proximus="http://proximusda.com/html" xmlns:cpp_implementation="cpp_implementation" 
	name="write_output_data" 
	description="" 
	label="write_enc_data" 
	automatically_created="false" 
	owner_project="verifiable_chain.xml" 
	interface="interfaces/write_output_data/write_output_data.xml" 
	generate_fire="false" 
	generate_initialize="false" 
	generate_globals="false" 
	generate_member_variables="false" 
	generate_member_functions="false" 
	generate_includes="false" 
	c_flags="" 
	l_flags="" 
	generate_finalize="false">
	<cpp_implementation:fire><![CDATA[
std::cout << "------  write enc data -----" << std::endl;
std::ofstream outputFile(parameter.file_path);

 // Check if the file is successfully opened
    if (!outputFile.is_open()) {
       std::cerr << "Error0:OpenFile: Write Output Data: Failed to open file!" << std::endl;
    }

    proximus::hw_ip::vector<char, SIZE> data;
    
    
    //wait(input.in);
    //pop(input.in);
    //data = *input.in;
    blocking_pop(input.in, data);
    

    char ch[SIZE];
    for (int i = 0; i < data.size(); i++) {
        ch[i] = data[i];
    }
    ch[SIZE]='\0';


  //  outputFile << ch;
    outputFile.close();

    std::cout << "Enc Data has been written to the file." << std::endl;
    std::cout << "------  write enc data finihsed -----" << std::endl;
 
set_finished();
	]]></cpp_implementation:fire>
	<cpp_implementation:initialize><![CDATA[
	]]></cpp_implementation:initialize>
	<cpp_implementation:elaborate><![CDATA[
	]]></cpp_implementation:elaborate>
	<cpp_implementation:globals><![CDATA[
	]]></cpp_implementation:globals>
	<cpp_implementation:member_variables><![CDATA[
	]]></cpp_implementation:member_variables>
	<cpp_implementation:member_functions><![CDATA[
	]]></cpp_implementation:member_functions>
	<cpp_implementation:includes><![CDATA[
#include <iostream>
#include <fstream>
	]]></cpp_implementation:includes>
	<cpp_implementation:finalize><![CDATA[
	]]></cpp_implementation:finalize>
	<cpp_implementation:sources>
	</cpp_implementation:sources>
	<cpp_implementation:state_variables>
	</cpp_implementation:state_variables>
</proximus:cpp_implementation>
