<?xml version="1.0"?>
<proximus:interface xmlns:proximus="http://proximusda.com/html" xmlns:interface="interface" 
	name="UART2" 
	description="" 
	label="UART2" 
	automatically_created="false" 
	owner_project="verifiable_chain.xml" 
	generate_ports="" 
	includes="" 
	c_flags="" 
	l_flags="" 
	default_implementation="cpp_implementations/uart2/uart2.xml" 
	type="Non Canonical" 
	image_path="">
	<interface:parameters>
	</interface:parameters>
	<interface:ports>
		<interface:port 
			name="RX" 
			description="" 
			label="RX" 
			automatically_created="false" 
		type="proximus::hw_ip::vector&lt;char, SIZE&gt;" 
		direction="Input" 
		alignment="Bottom" 
		data_access="false" 
			asynchronous="false" 
			owner_interface="interfaces/UART2/UART2.xml">
		</interface:port>
		<interface:port 
			name="rx_out" 
			description="                        " 
			label="rx_out" 
			automatically_created="false" 
		type="proximus::hw_ip::vector&lt;char, SIZE&gt;" 
		direction="Output" 
		alignment="Top" 
		data_access="false" 
			asynchronous="false" 
			owner_interface="interfaces/UART2/UART2.xml">
		</interface:port>
		<interface:port 
			name="TX" 
			description="" 
			label="TX" 
			automatically_created="false" 
		type="proximus::hw_ip::vector&lt;char, SIZE&gt;" 
		direction="Output" 
		alignment="Top" 
		data_access="false" 
			asynchronous="false" 
			owner_interface="interfaces/UART2/UART2.xml">
		</interface:port>
		<interface:port 
			name="uart2_tx" 
			description="" 
			label="uart_2tx" 
			automatically_created="false" 
		type="proximus::hw_ip::vector&lt;char, SIZE&gt;" 
		direction="Input" 
		alignment="Bottom" 
		data_access="false" 
			asynchronous="false" 
			owner_interface="interfaces/UART2/UART2.xml">
		</interface:port>
	</interface:ports>
	<interface:implementations>
		<load_file path="cpp_implementations/uart2/uart2.xml"/>
	</interface:implementations>
	<interface:real_designs>
	</interface:real_designs>
	<interface:sources>
	</interface:sources>
</proximus:interface>
