<?xml version="1.0"?>
<proximus:real_application xmlns:proximus="http://proximusda.com/html" xmlns:application="application" xmlns:real_application="real_application" xmlns:real_profile="real_profile" xmlns:module="module" 
	name="mcu_2" 
	description="" 
	label="mcu_2" 
	automatically_created="false" 
	owner_project="verifiable_chain.xml" 
	watched_list="Watched List" 
	module="root" 
	real_platform="real_platforms/AMY-LT-M35443/AMY-LT-M35443.xml" 
	root_implementation="hierarchical_implementations/mcu_2/mcu_2.xml" 
	posix_pthreads="false" 
	c_flags="-DSIZE=4096  -I/home/zarine_g/openssl/include/   -I/home/zarine_g/openssl_proximus    -std=c++11" 
	l_flags="-lcrypto   -Wl,-rpath,/home/zarine_g/openssl/lib64" 
	proximus_hw_ip="true">
	<real_application:pre_run_script><![CDATA[
	]]></real_application:pre_run_script>
	<real_application:real_profiles>
			<load_file path="real_applications/mcu_2/real_profiles/profile_19_8_30.xml"/>
	</real_application:real_profiles>
	<real_application:application_parameters>
	</real_application:application_parameters>
	<real_application:real_module_assignments>
		<real_application:real_module_assignment 
			name="root__read_file_to_AMYsLTsM35443_node_0_cpu_0" 
			description="" 
			label="root__read_file_to_AMYsLTsM35443_node_0_cpu_0" 
			automatically_created="false" 
			owner_real_application="real_applications/mcu_2/mcu_2.xml" 
			owner_real_profile="" 
			real_platform_object="real_platforms/AMY-LT-M35443/AMY-LT-M35443.xml:AMYsLTsM35443_node_0_cpu_0" 
			constraint_file_path="" 
			module="real_applications/mcu_2/mcu_2.xml:root:read_file">
		</real_application:real_module_assignment>
		<real_application:real_module_assignment 
			name="root__write_file_to_AMYsLTsM35443_node_0_cpu_0" 
			description="" 
			label="root__write_file_to_AMYsLTsM35443_node_0_cpu_0" 
			automatically_created="false" 
			owner_real_application="real_applications/mcu_2/mcu_2.xml" 
			owner_real_profile="" 
			real_platform_object="real_platforms/AMY-LT-M35443/AMY-LT-M35443.xml:AMYsLTsM35443_node_0_cpu_0" 
			constraint_file_path="" 
			module="real_applications/mcu_2/mcu_2.xml:root:write_file">
		</real_application:real_module_assignment>
		<real_application:real_module_assignment 
			name="root__NVM_to_AMYsLTsM35443_node_0_ram" 
			description="" 
			label="root__NVM_to_AMYsLTsM35443_node_0_ram" 
			automatically_created="false" 
			owner_real_application="real_applications/mcu_2/mcu_2.xml" 
			owner_real_profile="" 
			real_platform_object="real_platforms/AMY-LT-M35443/AMY-LT-M35443.xml:AMYsLTsM35443_node_0_ram" 
			constraint_file_path="" 
			module="real_applications/mcu_2/mcu_2.xml:root:NVM">
		</real_application:real_module_assignment>
		<real_application:real_module_assignment 
			name="root__UART1_to_AMYsLTsM35443_node_0_cpu_0" 
			description="" 
			label="root__UART1_to_AMYsLTsM35443_node_0_cpu_0" 
			automatically_created="false" 
			owner_real_application="real_applications/mcu_2/mcu_2.xml" 
			owner_real_profile="" 
			real_platform_object="real_platforms/AMY-LT-M35443/AMY-LT-M35443.xml:AMYsLTsM35443_node_0_cpu_0" 
			constraint_file_path="" 
			module="real_applications/mcu_2/mcu_2.xml:root:UART1">
		</real_application:real_module_assignment>
		<real_application:real_module_assignment 
			name="root__UART2_to_AMYsLTsM35443_node_0_cpu_0" 
			description="" 
			label="root__UART2_to_AMYsLTsM35443_node_0_cpu_0" 
			automatically_created="false" 
			owner_real_application="real_applications/mcu_2/mcu_2.xml" 
			owner_real_profile="" 
			real_platform_object="real_platforms/AMY-LT-M35443/AMY-LT-M35443.xml:AMYsLTsM35443_node_0_cpu_0" 
			constraint_file_path="" 
			module="real_applications/mcu_2/mcu_2.xml:root:UART2">
		</real_application:real_module_assignment>
		<real_application:real_module_assignment 
			name="root_MCU__check_key_to_AMYsLTsM35443_node_0_cpu_0" 
			description="" 
			label="root_MCU__check_key_to_AMYsLTsM35443_node_0_cpu_0" 
			automatically_created="false" 
			owner_real_application="real_applications/mcu_2/mcu_2.xml" 
			owner_real_profile="" 
			real_platform_object="real_platforms/AMY-LT-M35443/AMY-LT-M35443.xml:AMYsLTsM35443_node_0_cpu_0" 
			constraint_file_path="" 
			module="real_applications/mcu_2/mcu_2.xml:root:MCU:check_key">
		</real_application:real_module_assignment>
		<real_application:real_module_assignment 
			name="root_MCU__check_out_to_AMYsLTsM35443_node_0_cpu_0" 
			description="" 
			label="root_MCU__check_out_to_AMYsLTsM35443_node_0_cpu_0" 
			automatically_created="false" 
			owner_real_application="real_applications/mcu_2/mcu_2.xml" 
			owner_real_profile="" 
			real_platform_object="real_platforms/AMY-LT-M35443/AMY-LT-M35443.xml:AMYsLTsM35443_node_0_cpu_0" 
			constraint_file_path="" 
			module="real_applications/mcu_2/mcu_2.xml:root:MCU:check_out">
		</real_application:real_module_assignment>
		<real_application:real_module_assignment 
			name="root_MCU__enc_dec_to_AMYsLTsM35443_node_0_cpu_0" 
			description="" 
			label="root_MCU__enc_dec_to_AMYsLTsM35443_node_0_cpu_0" 
			automatically_created="false" 
			owner_real_application="real_applications/mcu_2/mcu_2.xml" 
			owner_real_profile="" 
			real_platform_object="real_platforms/AMY-LT-M35443/AMY-LT-M35443.xml:AMYsLTsM35443_node_0_cpu_0" 
			constraint_file_path="" 
			module="real_applications/mcu_2/mcu_2.xml:root:MCU:enc_dec">
		</real_application:real_module_assignment>
		<real_application:real_module_assignment 
			name="root_MCU__parse_data_to_AMYsLTsM35443_node_0_cpu_0" 
			description="" 
			label="root_MCU__parse_data_to_AMYsLTsM35443_node_0_cpu_0" 
			automatically_created="false" 
			owner_real_application="real_applications/mcu_2/mcu_2.xml" 
			owner_real_profile="" 
			real_platform_object="real_platforms/AMY-LT-M35443/AMY-LT-M35443.xml:AMYsLTsM35443_node_0_cpu_0" 
			constraint_file_path="" 
			module="real_applications/mcu_2/mcu_2.xml:root:MCU:parse_data">
		</real_application:real_module_assignment>
		<real_application:real_module_assignment 
			name="root__NVM_to_AMYsLTsM35443_node_0_cpu_0" 
			description="" 
			label="root__NVM_to_AMYsLTsM35443_node_0_cpu_0" 
			automatically_created="false" 
			owner_real_application="real_applications/mcu_2/mcu_2.xml" 
			owner_real_profile="" 
			real_platform_object="real_platforms/AMY-LT-M35443/AMY-LT-M35443.xml:AMYsLTsM35443_node_0_cpu_0" 
			constraint_file_path="" 
			module="real_applications/mcu_2/mcu_2.xml:root:NVM">
		</real_application:real_module_assignment>
		<real_application:real_module_assignment 
			name="root__read_in_data_to_AMYsLTsM35443_node_0_cpu_0" 
			description="" 
			label="root__read_in_data_to_AMYsLTsM35443_node_0_cpu_0" 
			automatically_created="false" 
			owner_real_application="real_applications/mcu_2/mcu_2.xml" 
			owner_real_profile="" 
			real_platform_object="real_platforms/AMY-LT-M35443/AMY-LT-M35443.xml:AMYsLTsM35443_node_0_cpu_0" 
			constraint_file_path="" 
			module="real_applications/mcu_2/mcu_2.xml:root:read_in_data">
		</real_application:real_module_assignment>
		<real_application:real_module_assignment 
			name="root__write_out_data_to_AMYsLTsM35443_node_0_cpu_0" 
			description="" 
			label="root__write_out_data_to_AMYsLTsM35443_node_0_cpu_0" 
			automatically_created="false" 
			owner_real_application="real_applications/mcu_2/mcu_2.xml" 
			owner_real_profile="" 
			real_platform_object="real_platforms/AMY-LT-M35443/AMY-LT-M35443.xml:AMYsLTsM35443_node_0_cpu_0" 
			constraint_file_path="" 
			module="real_applications/mcu_2/mcu_2.xml:root:write_out_data">
		</real_application:real_module_assignment>
	</real_application:real_module_assignments>
	<real_application:real_channel_assignments>
	</real_application:real_channel_assignments>
	<application:modules>
		<application:module 
			name="UART1" 
			description="" 
			label="UART1" 
			automatically_created="false" 
			implementation="cpp_implementations/uart1/uart1.xml" 
			previous_implementation="cpp_implementations/uart1/uart1.xml" 
			default_implementations="true" 
			instance="hierarchical_implementations/mcu_2/mcu_2.xml:UART1" 
			owner_module="root" 
			includes="" 
			c_flags="" 
			l_flags="" 
			state="Not Ready" 
			journalization_enabled="false">
			<application:modules>
			</application:modules>
			<module:module_breakpoints>
				<module:module_breakpoint 
					name="On End Wait" 
					description="" 
					label="On End Wait" 
					automatically_created="false" 
					mask="8" 
					active_flag="false" 
					owner_module="UART1" 
					condition="">
				</module:module_breakpoint>
			</module:module_breakpoints>
			<module:port_breakpoints>
				<module:port_breakpoint 
					name="RX_set_after_wait" 
					description="" 
					label="RX_set_after_wait" 
					automatically_created="false" 
					mask="0" 
					active_flag="false" 
					owner_module="UART1" 
					port="RX" 
					condition="">
				</module:port_breakpoint>
				<module:port_breakpoint 
					name="RX_out_set_after_push" 
					description="" 
					label="RX_out_set_after_push" 
					automatically_created="false" 
					mask="0" 
					active_flag="false" 
					owner_module="UART1" 
					port="RX_out" 
					condition="">
				</module:port_breakpoint>
				<module:port_breakpoint 
					name="TX_set_after_wait" 
					description="" 
					label="TX_set_after_wait" 
					automatically_created="false" 
					mask="0" 
					active_flag="false" 
					owner_module="UART1" 
					port="TX" 
					condition="">
				</module:port_breakpoint>
				<module:port_breakpoint 
					name="TX_out_set_after_push" 
					description="" 
					label="TX_out_set_after_push" 
					automatically_created="false" 
					mask="0" 
					active_flag="false" 
					owner_module="UART1" 
					port="TX_out" 
					condition="">
				</module:port_breakpoint>
			</module:port_breakpoints>
			<module:real_module_assignments>
				<module:real_module_assignment 
					name="root__UART1_to_AMYsLTsM35443_node_0_cpu_0">
				</module:real_module_assignment>
			</module:real_module_assignments>
		</application:module>
		<application:module 
			name="UART2" 
			description="" 
			label="UART2" 
			automatically_created="false" 
			implementation="cpp_implementations/uart2/uart2.xml" 
			previous_implementation="cpp_implementations/uart2/uart2.xml" 
			default_implementations="true" 
			instance="hierarchical_implementations/mcu_2/mcu_2.xml:UART2" 
			owner_module="root" 
			includes="" 
			c_flags="" 
			l_flags="" 
			state="Not Ready" 
			journalization_enabled="false">
			<application:modules>
			</application:modules>
			<module:module_breakpoints>
				<module:module_breakpoint 
					name="On End Wait" 
					description="" 
					label="On End Wait" 
					automatically_created="false" 
					mask="8" 
					active_flag="false" 
					owner_module="UART2" 
					condition="">
				</module:module_breakpoint>
			</module:module_breakpoints>
			<module:port_breakpoints>
				<module:port_breakpoint 
					name="RX_set_after_wait" 
					description="" 
					label="RX_set_after_wait" 
					automatically_created="false" 
					mask="0" 
					active_flag="false" 
					owner_module="UART2" 
					port="RX" 
					condition="">
				</module:port_breakpoint>
				<module:port_breakpoint 
					name="rx_out_set_after_push" 
					description="" 
					label="rx_out_set_after_push" 
					automatically_created="false" 
					mask="0" 
					active_flag="false" 
					owner_module="UART2" 
					port="rx_out" 
					condition="">
				</module:port_breakpoint>
				<module:port_breakpoint 
					name="TX_set_after_push" 
					description="" 
					label="TX_set_after_push" 
					automatically_created="false" 
					mask="0" 
					active_flag="false" 
					owner_module="UART2" 
					port="TX" 
					condition="">
				</module:port_breakpoint>
				<module:port_breakpoint 
					name="uart2_tx_set_after_wait" 
					description="" 
					label="uart2_tx_set_after_wait" 
					automatically_created="false" 
					mask="0" 
					active_flag="false" 
					owner_module="UART2" 
					port="uart2_tx" 
					condition="">
				</module:port_breakpoint>
			</module:port_breakpoints>
			<module:real_module_assignments>
				<module:real_module_assignment 
					name="root__UART2_to_AMYsLTsM35443_node_0_cpu_0">
				</module:real_module_assignment>
			</module:real_module_assignments>
		</application:module>
		<application:module 
			name="MCU" 
			description="" 
			label="MCU" 
			automatically_created="false" 
			implementation="hierarchical_implementations/MCU/MCU.xml" 
			previous_implementation="cpp_implementations/mcu/mcu.xml" 
			default_implementations="true" 
			instance="hierarchical_implementations/mcu_2/mcu_2.xml:MCU" 
			owner_module="root" 
			includes="" 
			c_flags="" 
			l_flags="" 
			state="Not Ready" 
			journalization_enabled="false">
			<application:modules>
				<application:module 
			name="check_key" 
			description="" 
			label="Check Key" 
			automatically_created="false" 
			implementation="cpp_implementations/check_key/check_key.xml" 
			previous_implementation="cpp_implementations/check_key/check_key.xml" 
			default_implementations="true" 
			instance="hierarchical_implementations/MCU/MCU.xml:check_key" 
			owner_module="MCU" 
			includes="#include&lt;sstream&gt;" 
			c_flags="" 
			l_flags="" 
			state="Not Ready" 
			journalization_enabled="false">
			<application:modules>
			</application:modules>
			<module:module_breakpoints>
				<module:module_breakpoint 
					name="On End Wait" 
					description="" 
					label="On End Wait" 
					automatically_created="false" 
					mask="8" 
					active_flag="false" 
					owner_module="check_key" 
					condition="">
				</module:module_breakpoint>
			</module:module_breakpoints>
			<module:port_breakpoints>
				<module:port_breakpoint 
					name="key_set_after_wait" 
					description="" 
					label="key_set_after_wait" 
					automatically_created="false" 
					mask="0" 
					active_flag="false" 
					owner_module="check_key" 
					port="key" 
					condition="">
				</module:port_breakpoint>
				<module:port_breakpoint 
					name="confirm_set_after_push" 
					description="" 
					label="confirm_set_after_push" 
					automatically_created="false" 
					mask="0" 
					active_flag="false" 
					owner_module="check_key" 
					port="confirm" 
					condition="">
				</module:port_breakpoint>
				<module:port_breakpoint 
					name="write_in_address_set_after_push" 
					description="" 
					label="write_in_address_set_after_push" 
					automatically_created="false" 
					mask="0" 
					active_flag="false" 
					owner_module="check_key" 
					port="write_in_address" 
					condition="">
				</module:port_breakpoint>
				<module:port_breakpoint 
					name="write_key_set_after_push" 
					description="" 
					label="write_key_set_after_push" 
					automatically_created="false" 
					mask="0" 
					active_flag="false" 
					owner_module="check_key" 
					port="write_key" 
					condition="">
				</module:port_breakpoint>
				<module:port_breakpoint 
					name="read_key_set_after_wait" 
					description="" 
					label="read_key_set_after_wait" 
					automatically_created="false" 
					mask="0" 
					active_flag="false" 
					owner_module="check_key" 
					port="read_key" 
					condition="">
				</module:port_breakpoint>
			</module:port_breakpoints>
			<module:real_module_assignments>
				<module:real_module_assignment 
					name="root_MCU__check_key_to_AMYsLTsM35443_node_0_cpu_0">
				</module:real_module_assignment>
			</module:real_module_assignments>
		</application:module>
				<application:module 
			name="check_out" 
			description="" 
			label="Check Out" 
			automatically_created="false" 
			implementation="cpp_implementations/check_out/check_out.xml" 
			previous_implementation="cpp_implementations/check_out/check_out.xml" 
			default_implementations="true" 
			instance="hierarchical_implementations/MCU/MCU.xml:check_out" 
			owner_module="MCU" 
			includes="" 
			c_flags="" 
			l_flags="" 
			state="Not Ready" 
			journalization_enabled="false">
			<application:modules>
			</application:modules>
			<module:module_breakpoints>
				<module:module_breakpoint 
					name="On End Wait" 
					description="" 
					label="On End Wait" 
					automatically_created="false" 
					mask="8" 
					active_flag="false" 
					owner_module="check_out" 
					condition="">
				</module:module_breakpoint>
			</module:module_breakpoints>
			<module:port_breakpoints>
				<module:port_breakpoint 
					name="out_set_after_push" 
					description="" 
					label="out_set_after_push" 
					automatically_created="false" 
					mask="0" 
					active_flag="false" 
					owner_module="check_out" 
					port="out" 
					condition="">
				</module:port_breakpoint>
				<module:port_breakpoint 
					name="error_set_after_wait" 
					description="" 
					label="error_set_after_wait" 
					automatically_created="false" 
					mask="0" 
					active_flag="false" 
					owner_module="check_out" 
					port="error" 
					condition="">
				</module:port_breakpoint>
				<module:port_breakpoint 
					name="data_set_after_wait" 
					description="" 
					label="data_set_after_wait" 
					automatically_created="false" 
					mask="0" 
					active_flag="false" 
					owner_module="check_out" 
					port="data" 
					condition="">
				</module:port_breakpoint>
			</module:port_breakpoints>
			<module:real_module_assignments>
				<module:real_module_assignment 
					name="root_MCU__check_out_to_AMYsLTsM35443_node_0_cpu_0">
				</module:real_module_assignment>
			</module:real_module_assignments>
		</application:module>
				<application:module 
			name="enc_dec" 
			description="" 
			label="Encryption/Decryption" 
			automatically_created="false" 
			implementation="cpp_implementations/enc_dec/enc_dec.xml" 
			previous_implementation="cpp_implementations/enc_dec/enc_dec.xml" 
			default_implementations="true" 
			instance="hierarchical_implementations/MCU/MCU.xml:enc_dec" 
			owner_module="MCU" 
			includes="#include &lt;openssl/rsa.h&gt;&#10;#include &lt;openssl/pem.h&gt;&#10;#include &lt;iostream&gt;&#10;#include &lt;string&gt;" 
			c_flags="" 
			l_flags="" 
			state="Not Ready" 
			journalization_enabled="false">
			<application:modules>
			</application:modules>
			<module:module_breakpoints>
				<module:module_breakpoint 
					name="On End Wait" 
					description="" 
					label="On End Wait" 
					automatically_created="false" 
					mask="8" 
					active_flag="false" 
					owner_module="enc_dec" 
					condition="">
				</module:module_breakpoint>
			</module:module_breakpoints>
			<module:port_breakpoints>
				<module:port_breakpoint 
					name="in_data_set_after_wait" 
					description="" 
					label="in_data_set_after_wait" 
					automatically_created="false" 
					mask="0" 
					active_flag="false" 
					owner_module="enc_dec" 
					port="in_data" 
					condition="">
				</module:port_breakpoint>
				<module:port_breakpoint 
					name="error_set_after_push" 
					description="" 
					label="error_set_after_push" 
					automatically_created="false" 
					mask="0" 
					active_flag="false" 
					owner_module="enc_dec" 
					port="error" 
					condition="">
				</module:port_breakpoint>
				<module:port_breakpoint 
					name="out_data_set_after_push" 
					description="" 
					label="out_data_set_after_push" 
					automatically_created="false" 
					mask="0" 
					active_flag="false" 
					owner_module="enc_dec" 
					port="out_data" 
					condition="">
				</module:port_breakpoint>
				<module:port_breakpoint 
					name="key_set_after_wait" 
					description="" 
					label="key_set_after_wait" 
					automatically_created="false" 
					mask="0" 
					active_flag="false" 
					owner_module="enc_dec" 
					port="key" 
					condition="">
				</module:port_breakpoint>
			</module:port_breakpoints>
			<module:real_module_assignments>
				<module:real_module_assignment 
					name="root_MCU__enc_dec_to_AMYsLTsM35443_node_0_cpu_0">
				</module:real_module_assignment>
			</module:real_module_assignments>
		</application:module>
				<application:module 
			name="parse_data" 
			description="" 
			label="Parse Data" 
			automatically_created="false" 
			implementation="cpp_implementations/parse_data/parse_data.xml" 
			previous_implementation="cpp_implementations/parse_data/parse_data.xml" 
			default_implementations="true" 
			instance="hierarchical_implementations/MCU/MCU.xml:parse_data" 
			owner_module="MCU" 
			includes="" 
			c_flags="" 
			l_flags="" 
			state="Not Ready" 
			journalization_enabled="false">
			<application:modules>
			</application:modules>
			<module:module_breakpoints>
				<module:module_breakpoint 
					name="On End Wait" 
					description="" 
					label="On End Wait" 
					automatically_created="false" 
					mask="8" 
					active_flag="false" 
					owner_module="parse_data" 
					condition="">
				</module:module_breakpoint>
			</module:module_breakpoints>
			<module:port_breakpoints>
				<module:port_breakpoint 
					name="in_data_set_after_wait" 
					description="" 
					label="in_data_set_after_wait" 
					automatically_created="false" 
					mask="0" 
					active_flag="false" 
					owner_module="parse_data" 
					port="in_data" 
					condition="">
				</module:port_breakpoint>
				<module:port_breakpoint 
					name="read_from_address_set_after_push" 
					description="" 
					label="read_from_address_set_after_push" 
					automatically_created="false" 
					mask="0" 
					active_flag="false" 
					owner_module="parse_data" 
					port="read_from_address" 
					condition="">
				</module:port_breakpoint>
				<module:port_breakpoint 
					name="send_in_data_set_after_push" 
					description="" 
					label="send_in_data_set_after_push" 
					automatically_created="false" 
					mask="0" 
					active_flag="false" 
					owner_module="parse_data" 
					port="send_in_data" 
					condition="">
				</module:port_breakpoint>
			</module:port_breakpoints>
			<module:real_module_assignments>
				<module:real_module_assignment 
					name="root_MCU__parse_data_to_AMYsLTsM35443_node_0_cpu_0">
				</module:real_module_assignment>
			</module:real_module_assignments>
		</application:module>
			</application:modules>
			<module:module_breakpoints>
				<module:module_breakpoint 
					name="On End Wait" 
					description="" 
					label="On End Wait" 
					automatically_created="false" 
					mask="8" 
					active_flag="false" 
					owner_module="MCU" 
					condition="">
				</module:module_breakpoint>
			</module:module_breakpoints>
			<module:port_breakpoints>
				<module:port_breakpoint 
					name="uart1_rx_set_after_wait" 
					description="" 
					label="uart1_rx_set_after_wait" 
					automatically_created="false" 
					mask="0" 
					active_flag="false" 
					owner_module="MCU" 
					port="uart1_rx" 
					condition="">
				</module:port_breakpoint>
				<module:port_breakpoint 
					name="uart2_rx_set_after_wait" 
					description="" 
					label="uart2_rx_set_after_wait" 
					automatically_created="false" 
					mask="0" 
					active_flag="false" 
					owner_module="MCU" 
					port="uart2_rx" 
					condition="">
				</module:port_breakpoint>
				<module:port_breakpoint 
					name="uart1_tx_out_set_after_push" 
					description="" 
					label="uart1_tx_out_set_after_push" 
					automatically_created="false" 
					mask="0" 
					active_flag="false" 
					owner_module="MCU" 
					port="uart1_tx_out" 
					condition="">
				</module:port_breakpoint>
				<module:port_breakpoint 
					name="uart2_tx_out_set_after_push" 
					description="" 
					label="uart2_tx_out_set_after_push" 
					automatically_created="false" 
					mask="0" 
					active_flag="false" 
					owner_module="MCU" 
					port="uart2_tx_out" 
					condition="">
				</module:port_breakpoint>
				<module:port_breakpoint 
					name="read_key_set_after_wait" 
					description="" 
					label="read_key_set_after_wait" 
					automatically_created="false" 
					mask="0" 
					active_flag="false" 
					owner_module="MCU" 
					port="read_key" 
					condition="">
				</module:port_breakpoint>
				<module:port_breakpoint 
					name="key_set_after_push" 
					description="" 
					label="key_set_after_push" 
					automatically_created="false" 
					mask="0" 
					active_flag="false" 
					owner_module="MCU" 
					port="key" 
					condition="">
				</module:port_breakpoint>
				<module:port_breakpoint 
					name="write_in_address_set_after_push" 
					description="" 
					label="write_in_address_set_after_push" 
					automatically_created="false" 
					mask="0" 
					active_flag="false" 
					owner_module="MCU" 
					port="write_in_address" 
					condition="">
				</module:port_breakpoint>
				<module:port_breakpoint 
					name="read_from_address_set_after_push" 
					description="" 
					label="read_from_address_set_after_push" 
					automatically_created="false" 
					mask="0" 
					active_flag="false" 
					owner_module="MCU" 
					port="read_from_address" 
					condition="">
				</module:port_breakpoint>
				<module:port_breakpoint 
					name="confirm_key_set_after_wait" 
					description="" 
					label="confirm_key_set_after_wait" 
					automatically_created="false" 
					mask="0" 
					active_flag="false" 
					owner_module="MCU" 
					port="confirm_key" 
					condition="">
				</module:port_breakpoint>
			</module:port_breakpoints>
			<module:real_module_assignments>
			</module:real_module_assignments>
		</application:module>
		<application:module 
			name="NVM" 
			description="" 
			label="NVM" 
			automatically_created="false" 
			implementation="cpp_implementations/nvm/nvm.xml" 
			previous_implementation="cpp_implementations/nvm/nvm.xml" 
			default_implementations="true" 
			instance="hierarchical_implementations/mcu_2/mcu_2.xml:NVM" 
			owner_module="root" 
			includes="" 
			c_flags="" 
			l_flags="" 
			state="Not Ready" 
			journalization_enabled="false">
			<application:modules>
			</application:modules>
			<module:module_breakpoints>
				<module:module_breakpoint 
					name="On End Wait" 
					description="" 
					label="On End Wait" 
					automatically_created="false" 
					mask="8" 
					active_flag="false" 
					owner_module="NVM" 
					condition="">
				</module:module_breakpoint>
			</module:module_breakpoints>
			<module:port_breakpoints>
				<module:port_breakpoint 
					name="read_key_set_after_push" 
					description="" 
					label="read_key_set_after_push" 
					automatically_created="false" 
					mask="0" 
					active_flag="false" 
					owner_module="NVM" 
					port="read_key" 
					condition="">
				</module:port_breakpoint>
				<module:port_breakpoint 
					name="write_key_set_after_wait" 
					description="" 
					label="write_key_set_after_wait" 
					automatically_created="false" 
					mask="0" 
					active_flag="false" 
					owner_module="NVM" 
					port="write_key" 
					condition="">
				</module:port_breakpoint>
				<module:port_breakpoint 
					name="write_in_address_set_after_wait" 
					description="" 
					label="write_in_address_set_after_wait" 
					automatically_created="false" 
					mask="0" 
					active_flag="false" 
					owner_module="NVM" 
					port="write_in_address" 
					condition="">
				</module:port_breakpoint>
				<module:port_breakpoint 
					name="read_from_address_set_after_wait" 
					description="" 
					label="read_from_address_set_after_wait" 
					automatically_created="false" 
					mask="0" 
					active_flag="false" 
					owner_module="NVM" 
					port="read_from_address" 
					condition="">
				</module:port_breakpoint>
				<module:port_breakpoint 
					name="confirm_key_set_after_push" 
					description="" 
					label="confirm_key_set_after_push" 
					automatically_created="false" 
					mask="0" 
					active_flag="false" 
					owner_module="NVM" 
					port="confirm_key" 
					condition="">
				</module:port_breakpoint>
			</module:port_breakpoints>
			<module:real_module_assignments>
				<module:real_module_assignment 
					name="root__NVM_to_AMYsLTsM35443_node_0_ram">
				</module:real_module_assignment>
				<module:real_module_assignment 
					name="root__NVM_to_AMYsLTsM35443_node_0_cpu_0">
				</module:real_module_assignment>
			</module:real_module_assignments>
		</application:module>
		<application:module 
			name="read_file" 
			description="This module reads the key and sends it to MCU module through the UART." 
			label="read_file" 
			automatically_created="false" 
			implementation="cpp_implementations/receive_key/receive_key.xml" 
			previous_implementation="cpp_implementations/receive_key/receive_key.xml" 
			default_implementations="true" 
			instance="hierarchical_implementations/mcu_2/mcu_2.xml:read_file" 
			owner_module="root" 
			includes="#include &lt;iostream&gt;&#10;#include &lt;fstream&gt;" 
			c_flags="" 
			l_flags="" 
			state="Not Ready" 
			journalization_enabled="false">
			<application:modules>
			</application:modules>
			<module:module_breakpoints>
				<module:module_breakpoint 
					name="On End Wait" 
					description="" 
					label="On End Wait" 
					automatically_created="false" 
					mask="8" 
					active_flag="false" 
					owner_module="read_file" 
					condition="">
				</module:module_breakpoint>
			</module:module_breakpoints>
			<module:port_breakpoints>
				<module:port_breakpoint 
					name="out_set_after_push" 
					description="" 
					label="out_set_after_push" 
					automatically_created="false" 
					mask="0" 
					active_flag="false" 
					owner_module="read_file" 
					port="out" 
					condition="">
				</module:port_breakpoint>
			</module:port_breakpoints>
			<module:real_module_assignments>
				<module:real_module_assignment 
					name="root__read_file_to_AMYsLTsM35443_node_0_cpu_0">
				</module:real_module_assignment>
			</module:real_module_assignments>
		</application:module>
		<application:module 
			name="write_file" 
			description="" 
			label="write file" 
			automatically_created="false" 
			implementation="cpp_implementations/write_file/write_file.xml" 
			previous_implementation="cpp_implementations/write_file/write_file.xml" 
			default_implementations="true" 
			instance="hierarchical_implementations/mcu_2/mcu_2.xml:write_file" 
			owner_module="root" 
			includes="#include &lt;iostream&gt;&#10;#include &lt;fstream&gt;" 
			c_flags="" 
			l_flags="" 
			state="Not Ready" 
			journalization_enabled="false">
			<application:modules>
			</application:modules>
			<module:module_breakpoints>
				<module:module_breakpoint 
					name="On End Wait" 
					description="" 
					label="On End Wait" 
					automatically_created="false" 
					mask="8" 
					active_flag="false" 
					owner_module="write_file" 
					condition="">
				</module:module_breakpoint>
			</module:module_breakpoints>
			<module:port_breakpoints>
				<module:port_breakpoint 
					name="in_set_after_wait" 
					description="" 
					label="in_set_after_wait" 
					automatically_created="false" 
					mask="0" 
					active_flag="false" 
					owner_module="write_file" 
					port="in" 
					condition="">
				</module:port_breakpoint>
			</module:port_breakpoints>
			<module:real_module_assignments>
				<module:real_module_assignment 
					name="root__write_file_to_AMYsLTsM35443_node_0_cpu_0">
				</module:real_module_assignment>
			</module:real_module_assignments>
		</application:module>
		<application:module 
			name="read_in_data" 
			description="This module reads input data from file." 
			label="read data" 
			automatically_created="false" 
			implementation="cpp_implementations/read_input_data/read_input_data.xml" 
			previous_implementation="cpp_implementations/read_input_data/read_input_data.xml" 
			default_implementations="true" 
			instance="hierarchical_implementations/mcu_2/mcu_2.xml:read_in_data" 
			owner_module="root" 
			includes="#include &lt;nlohmann/json.hpp&gt;" 
			c_flags="" 
			l_flags="" 
			state="Not Ready" 
			journalization_enabled="false">
			<application:modules>
			</application:modules>
			<module:module_breakpoints>
				<module:module_breakpoint 
					name="On End Wait" 
					description="" 
					label="On End Wait" 
					automatically_created="false" 
					mask="8" 
					active_flag="false" 
					owner_module="read_in_data" 
					condition="">
				</module:module_breakpoint>
			</module:module_breakpoints>
			<module:port_breakpoints>
				<module:port_breakpoint 
					name="out_set_after_push" 
					description="" 
					label="out_set_after_push" 
					automatically_created="false" 
					mask="0" 
					active_flag="false" 
					owner_module="read_in_data" 
					port="out" 
					condition="">
				</module:port_breakpoint>
			</module:port_breakpoints>
			<module:real_module_assignments>
				<module:real_module_assignment 
					name="root__read_in_data_to_AMYsLTsM35443_node_0_cpu_0">
				</module:real_module_assignment>
			</module:real_module_assignments>
		</application:module>
		<application:module 
			name="write_out_data" 
			description="" 
			label="write data" 
			automatically_created="false" 
			implementation="cpp_implementations/write_output_data/write_output_data.xml" 
			previous_implementation="cpp_implementations/write_output_data/write_output_data.xml" 
			default_implementations="true" 
			instance="hierarchical_implementations/mcu_2/mcu_2.xml:write_out_data" 
			owner_module="root" 
			includes="#include &lt;iostream&gt;&#10;#include &lt;fstream&gt;" 
			c_flags="" 
			l_flags="" 
			state="Not Ready" 
			journalization_enabled="false">
			<application:modules>
			</application:modules>
			<module:module_breakpoints>
				<module:module_breakpoint 
					name="On End Wait" 
					description="" 
					label="On End Wait" 
					automatically_created="false" 
					mask="8" 
					active_flag="false" 
					owner_module="write_out_data" 
					condition="">
				</module:module_breakpoint>
			</module:module_breakpoints>
			<module:port_breakpoints>
				<module:port_breakpoint 
					name="in_set_after_wait" 
					description="" 
					label="in_set_after_wait" 
					automatically_created="false" 
					mask="0" 
					active_flag="false" 
					owner_module="write_out_data" 
					port="in" 
					condition="">
				</module:port_breakpoint>
			</module:port_breakpoints>
			<module:real_module_assignments>
				<module:real_module_assignment 
					name="root__write_out_data_to_AMYsLTsM35443_node_0_cpu_0">
				</module:real_module_assignment>
			</module:real_module_assignments>
		</application:module>
	</application:modules>
</proximus:real_application>
