<?xml version="1.0"?>
<application:real_profile xmlns:proximus="http://proximusda.com/html" xmlns:application="application" xmlns:real_profile="real_profile" xmlns:real_module_profile="real_module_profile" 
	name="profile_19_8_30" 
	description="" 
	label="profile_19_8_30" 
	automatically_created="false" 
	real_platform="real_platforms/AMY-LT-M35443/AMY-LT-M35443.xml" 
	time_unit="Second" 
	run_time="0.0135581" 
	state="Stop" 
	vcd_files_path="$(PROXIMUS_ENV_PROJECT_ROOT)/real_applications/mcu_2/real_profiles/profile_19_8_30" 
	owner_real_application="real_applications/mcu_2/mcu_2.xml">
	<real_profile:real_module_profiles>
		<real_profile:real_module_profile 
			name="NVM" 
			description="" 
			label="NVM" 
			automatically_created="false" 
			owner_real_profile="real_applications/mcu_2/real_profiles/profile_19_8_30.xml" 
			module="real_applications/mcu_2/mcu_2.xml:root:NVM" 
			count_execute_fire="1" 
			total_activity_fire="0.000159025" 
			max_activity_fire="0.000158072" 
			min_activity_fire="0.000158072" 
			avg_activity_fire="0.000159025" 
			select="false">
			<real_module_profile:parameter_value_profiles>
			</real_module_profile:parameter_value_profiles>
		</real_profile:real_module_profile>
		<real_profile:real_module_profile 
			name="read_file" 
			description="" 
			label="read_file" 
			automatically_created="false" 
			owner_real_profile="real_applications/mcu_2/real_profiles/profile_19_8_30.xml" 
			module="real_applications/mcu_2/mcu_2.xml:root:read_file" 
			count_execute_fire="1" 
			total_activity_fire="0.000144958" 
			max_activity_fire="0.000143766" 
			min_activity_fire="0.000143766" 
			avg_activity_fire="0.000144958" 
			select="false">
			<real_module_profile:parameter_value_profiles>
				<real_module_profile:parameter_value_profile 
					name="file_path" 
					description="" 
					label="file_path" 
					automatically_created="false" 
					type="std::string" 
					value="&quot;/home/zarine_g/openssl_proximus/input.txt&quot;" 
					owner_real_module_profile="read_file">
				</real_module_profile:parameter_value_profile>
			</real_module_profile:parameter_value_profiles>
		</real_profile:real_module_profile>
		<real_profile:real_module_profile 
			name="write_file" 
			description="" 
			label="write_file" 
			automatically_created="false" 
			owner_real_profile="real_applications/mcu_2/real_profiles/profile_19_8_30.xml" 
			module="real_applications/mcu_2/mcu_2.xml:root:write_file" 
			count_execute_fire="0" 
			total_activity_fire="0.000193834" 
			max_activity_fire="0" 
			min_activity_fire="0" 
			avg_activity_fire="0" 
			select="false">
			<real_module_profile:parameter_value_profiles>
				<real_module_profile:parameter_value_profile 
					name="file_path" 
					description="" 
					label="file_path" 
					automatically_created="false" 
					type="std::string" 
					value="&quot;/home/zarine_g/openssl_proximus/output.txt&quot;" 
					owner_real_module_profile="write_file">
				</real_module_profile:parameter_value_profile>
			</real_module_profile:parameter_value_profiles>
		</real_profile:real_module_profile>
		<real_profile:real_module_profile 
			name="read_in_data" 
			description="" 
			label="read_in_data" 
			automatically_created="false" 
			owner_real_profile="real_applications/mcu_2/real_profiles/profile_19_8_30.xml" 
			module="real_applications/mcu_2/mcu_2.xml:root:read_in_data" 
			count_execute_fire="2" 
			total_activity_fire="0.00031209" 
			max_activity_fire="0.000147581" 
			min_activity_fire="8.67844e-05" 
			avg_activity_fire="0.000156045" 
			select="false">
			<real_module_profile:parameter_value_profiles>
				<real_module_profile:parameter_value_profile 
					name="file_path" 
					description="" 
					label="file_path" 
					automatically_created="false" 
					type="std::string" 
					value="&quot;/home/zarine_g/openssl_proximus/enc_input.json&quot;" 
					owner_real_module_profile="read_in_data">
				</real_module_profile:parameter_value_profile>
			</real_module_profile:parameter_value_profiles>
		</real_profile:real_module_profile>
		<real_profile:real_module_profile 
			name="write_out_data" 
			description="" 
			label="write_out_data" 
			automatically_created="false" 
			owner_real_profile="real_applications/mcu_2/real_profiles/profile_19_8_30.xml" 
			module="real_applications/mcu_2/mcu_2.xml:root:write_out_data" 
			count_execute_fire="1" 
			total_activity_fire="0.000158072" 
			max_activity_fire="0.000158072" 
			min_activity_fire="0.000158072" 
			avg_activity_fire="0.000158072" 
			select="false">
			<real_module_profile:parameter_value_profiles>
				<real_module_profile:parameter_value_profile 
					name="file_path" 
					description="" 
					label="file_path" 
					automatically_created="false" 
					type="std::string" 
					value="&quot;/home/zarine_g/openssl_proximus/dec_output.txt&quot;" 
					owner_real_module_profile="write_out_data">
				</real_module_profile:parameter_value_profile>
			</real_module_profile:parameter_value_profiles>
		</real_profile:real_module_profile>
		<real_profile:real_module_profile 
			name="UART2" 
			description="" 
			label="UART2" 
			automatically_created="false" 
			owner_real_profile="real_applications/mcu_2/real_profiles/profile_19_8_30.xml" 
			module="real_applications/mcu_2/mcu_2.xml:root:UART2" 
			count_execute_fire="1" 
			total_activity_fire="0.000158787" 
			max_activity_fire="9.98974e-05" 
			min_activity_fire="9.98974e-05" 
			avg_activity_fire="0.000158787" 
			select="false">
			<real_module_profile:parameter_value_profiles>
			</real_module_profile:parameter_value_profiles>
		</real_profile:real_module_profile>
		<real_profile:real_module_profile 
			name="UART1" 
			description="" 
			label="UART1" 
			automatically_created="false" 
			owner_real_profile="real_applications/mcu_2/real_profiles/profile_19_8_30.xml" 
			module="real_applications/mcu_2/mcu_2.xml:root:UART1" 
			count_execute_fire="0" 
			total_activity_fire="0.00010705" 
			max_activity_fire="0" 
			min_activity_fire="0" 
			avg_activity_fire="0" 
			select="false">
			<real_module_profile:parameter_value_profiles>
			</real_module_profile:parameter_value_profiles>
		</real_profile:real_module_profile>
		<real_profile:real_module_profile 
			name="MCU_enc_dec" 
			description="" 
			label="MCU_enc_dec" 
			automatically_created="false" 
			owner_real_profile="real_applications/mcu_2/real_profiles/profile_19_8_30.xml" 
			module="real_applications/mcu_2/mcu_2.xml:root:MCU:enc_dec" 
			count_execute_fire="1" 
			total_activity_fire="0.00662208" 
			max_activity_fire="0.00662112" 
			min_activity_fire="0.00662112" 
			avg_activity_fire="0.00662208" 
			select="false">
			<real_module_profile:parameter_value_profiles>
			</real_module_profile:parameter_value_profiles>
		</real_profile:real_module_profile>
		<real_profile:real_module_profile 
			name="MCU_check_out" 
			description="" 
			label="MCU_check_out" 
			automatically_created="false" 
			owner_real_profile="real_applications/mcu_2/real_profiles/profile_19_8_30.xml" 
			module="real_applications/mcu_2/mcu_2.xml:root:MCU:check_out" 
			count_execute_fire="1" 
			total_activity_fire="3.3617e-05" 
			max_activity_fire="3.3617e-05" 
			min_activity_fire="3.3617e-05" 
			avg_activity_fire="3.3617e-05" 
			select="false">
			<real_module_profile:parameter_value_profiles>
			</real_module_profile:parameter_value_profiles>
		</real_profile:real_module_profile>
		<real_profile:real_module_profile 
			name="MCU_parse_data" 
			description="" 
			label="MCU_parse_data" 
			automatically_created="false" 
			owner_real_profile="real_applications/mcu_2/real_profiles/profile_19_8_30.xml" 
			module="real_applications/mcu_2/mcu_2.xml:root:MCU:parse_data" 
			count_execute_fire="2" 
			total_activity_fire="7.24792e-05" 
			max_activity_fire="3.93391e-05" 
			min_activity_fire="2.12193e-05" 
			avg_activity_fire="3.62396e-05" 
			select="false">
			<real_module_profile:parameter_value_profiles>
			</real_module_profile:parameter_value_profiles>
		</real_profile:real_module_profile>
		<real_profile:real_module_profile 
			name="MCU_check_key" 
			description="" 
			label="MCU_check_key" 
			automatically_created="false" 
			owner_real_profile="real_applications/mcu_2/real_profiles/profile_19_8_30.xml" 
			module="real_applications/mcu_2/mcu_2.xml:root:MCU:check_key" 
			count_execute_fire="0" 
			total_activity_fire="0.000159979" 
			max_activity_fire="0" 
			min_activity_fire="0" 
			avg_activity_fire="0" 
			select="false">
			<real_module_profile:parameter_value_profiles>
			</real_module_profile:parameter_value_profiles>
		</real_profile:real_module_profile>
	</real_profile:real_module_profiles>
	<real_profile:real_channel_profiles>
		<real_profile:real_channel_profile 
			name="UART1_RX_out" 
			description="" 
			label="UART1_RX_out" 
			automatically_created="false" 
			watermark="1" 
			activity="1" 
			remainder="0" 
			max_depth="1" 
			channel="hierarchical_implementations/mcu_2/mcu_2.xml:UART1_RX_out" 
			owner_module="real_applications/mcu_2/mcu_2.xml:root" 
			owner_real_profile="real_applications/mcu_2/real_profiles/profile_19_8_30.xml" 
			select="false">
		</real_profile:real_channel_profile>
		<real_profile:real_channel_profile 
			name="UART1_TX_out" 
			description="" 
			label="UART1_TX_out" 
			automatically_created="false" 
			watermark="0" 
			activity="0" 
			remainder="0" 
			max_depth="1" 
			channel="hierarchical_implementations/mcu_2/mcu_2.xml:UART1_TX_out" 
			owner_module="real_applications/mcu_2/mcu_2.xml:root" 
			owner_real_profile="real_applications/mcu_2/real_profiles/profile_19_8_30.xml" 
			select="false">
		</real_profile:real_channel_profile>
		<real_profile:real_channel_profile 
			name="UART2_rx_out" 
			description="" 
			label="UART2_rx_out" 
			automatically_created="false" 
			watermark="1" 
			activity="2" 
			remainder="0" 
			max_depth="1" 
			channel="hierarchical_implementations/mcu_2/mcu_2.xml:UART2_rx_out" 
			owner_module="real_applications/mcu_2/mcu_2.xml:root" 
			owner_real_profile="real_applications/mcu_2/real_profiles/profile_19_8_30.xml" 
			select="false">
		</real_profile:real_channel_profile>
		<real_profile:real_channel_profile 
			name="UART2_TX" 
			description="" 
			label="UART2_TX" 
			automatically_created="false" 
			watermark="1" 
			activity="1" 
			remainder="0" 
			max_depth="1" 
			channel="hierarchical_implementations/mcu_2/mcu_2.xml:UART2_TX" 
			owner_module="real_applications/mcu_2/mcu_2.xml:root" 
			owner_real_profile="real_applications/mcu_2/real_profiles/profile_19_8_30.xml" 
			select="false">
		</real_profile:real_channel_profile>
		<real_profile:real_channel_profile 
			name="NVM_nvm_out" 
			description="" 
			label="NVM_nvm_out" 
			automatically_created="false" 
			watermark="1" 
			activity="1" 
			remainder="0" 
			max_depth="1" 
			channel="hierarchical_implementations/mcu_2/mcu_2.xml:NVM_nvm_out" 
			owner_module="real_applications/mcu_2/mcu_2.xml:root" 
			owner_real_profile="real_applications/mcu_2/real_profiles/profile_19_8_30.xml" 
			select="false">
		</real_profile:real_channel_profile>
		<real_profile:real_channel_profile 
			name="NVM_confirm_key" 
			description="" 
			label="NVM_confirm_key" 
			automatically_created="false" 
			watermark="0" 
			activity="0" 
			remainder="0" 
			max_depth="1" 
			channel="hierarchical_implementations/mcu_2/mcu_2.xml:NVM_confirm_key" 
			owner_module="real_applications/mcu_2/mcu_2.xml:root" 
			owner_real_profile="real_applications/mcu_2/real_profiles/profile_19_8_30.xml" 
			select="false">
		</real_profile:real_channel_profile>
		<real_profile:real_channel_profile 
			name="recieve_key_out" 
			description="" 
			label="recieve_key_out" 
			automatically_created="false" 
			watermark="1" 
			activity="1" 
			remainder="0" 
			max_depth="1" 
			channel="hierarchical_implementations/mcu_2/mcu_2.xml:recieve_key_out" 
			owner_module="real_applications/mcu_2/mcu_2.xml:root" 
			owner_real_profile="real_applications/mcu_2/real_profiles/profile_19_8_30.xml" 
			select="false">
		</real_profile:real_channel_profile>
		<real_profile:real_channel_profile 
			name="read_enc_data_out" 
			description="" 
			label="read_enc_data_out" 
			automatically_created="false" 
			watermark="1" 
			activity="7" 
			remainder="0" 
			max_depth="1" 
			channel="hierarchical_implementations/mcu_2/mcu_2.xml:read_enc_data_out" 
			owner_module="real_applications/mcu_2/mcu_2.xml:root" 
			owner_real_profile="real_applications/mcu_2/real_profiles/profile_19_8_30.xml" 
			select="false">
		</real_profile:real_channel_profile>
		<real_profile:real_channel_profile 
			name="MCU_check_key_confirm" 
			description="" 
			label="MCU_check_key_confirm" 
			automatically_created="false" 
			watermark="0" 
			activity="0" 
			remainder="0" 
			max_depth="1" 
			channel="hierarchical_implementations/MCU/MCU.xml:check_key_confirm" 
			owner_module="real_applications/mcu_2/mcu_2.xml:root:MCU" 
			owner_real_profile="real_applications/mcu_2/real_profiles/profile_19_8_30.xml" 
			select="false">
		</real_profile:real_channel_profile>
		<real_profile:real_channel_profile 
			name="MCU_check_key_write_in_address" 
			description="" 
			label="MCU_check_key_write_in_address" 
			automatically_created="false" 
			watermark="1" 
			activity="1" 
			remainder="0" 
			max_depth="1" 
			channel="hierarchical_implementations/MCU/MCU.xml:check_key_write_in_address" 
			owner_module="real_applications/mcu_2/mcu_2.xml:root:MCU" 
			owner_real_profile="real_applications/mcu_2/real_profiles/profile_19_8_30.xml" 
			select="false">
		</real_profile:real_channel_profile>
		<real_profile:real_channel_profile 
			name="MCU_check_key_write_key" 
			description="" 
			label="MCU_check_key_write_key" 
			automatically_created="false" 
			watermark="1" 
			activity="1" 
			remainder="0" 
			max_depth="1" 
			channel="hierarchical_implementations/MCU/MCU.xml:check_key_write_key" 
			owner_module="real_applications/mcu_2/mcu_2.xml:root:MCU" 
			owner_real_profile="real_applications/mcu_2/real_profiles/profile_19_8_30.xml" 
			select="false">
		</real_profile:real_channel_profile>
		<real_profile:real_channel_profile 
			name="MCU_check_out_out" 
			description="" 
			label="MCU_check_out_out" 
			automatically_created="false" 
			watermark="1" 
			activity="1" 
			remainder="0" 
			max_depth="1" 
			channel="hierarchical_implementations/MCU/MCU.xml:check_out_out" 
			owner_module="real_applications/mcu_2/mcu_2.xml:root:MCU" 
			owner_real_profile="real_applications/mcu_2/real_profiles/profile_19_8_30.xml" 
			select="false">
		</real_profile:real_channel_profile>
		<real_profile:real_channel_profile 
			name="MCU_enc_dec_error" 
			description="" 
			label="MCU_enc_dec_error" 
			automatically_created="false" 
			watermark="1" 
			activity="1" 
			remainder="0" 
			max_depth="1" 
			channel="hierarchical_implementations/MCU/MCU.xml:enc_dec_error" 
			owner_module="real_applications/mcu_2/mcu_2.xml:root:MCU" 
			owner_real_profile="real_applications/mcu_2/real_profiles/profile_19_8_30.xml" 
			select="false">
		</real_profile:real_channel_profile>
		<real_profile:real_channel_profile 
			name="MCU_enc_dec_out_data" 
			description="" 
			label="MCU_enc_dec_out_data" 
			automatically_created="false" 
			watermark="1" 
			activity="1" 
			remainder="0" 
			max_depth="1" 
			channel="hierarchical_implementations/MCU/MCU.xml:enc_dec_out_data" 
			owner_module="real_applications/mcu_2/mcu_2.xml:root:MCU" 
			owner_real_profile="real_applications/mcu_2/real_profiles/profile_19_8_30.xml" 
			select="false">
		</real_profile:real_channel_profile>
		<real_profile:real_channel_profile 
			name="MCU_parse_data_read_from_addres" 
			description="" 
			label="MCU_parse_data_read_from_addres" 
			automatically_created="false" 
			watermark="1" 
			activity="2" 
			remainder="0" 
			max_depth="1" 
			channel="hierarchical_implementations/MCU/MCU.xml:parse_data_read_from_addres" 
			owner_module="real_applications/mcu_2/mcu_2.xml:root:MCU" 
			owner_real_profile="real_applications/mcu_2/real_profiles/profile_19_8_30.xml" 
			select="false">
		</real_profile:real_channel_profile>
		<real_profile:real_channel_profile 
			name="MCU_parse_data_send_in_data" 
			description="" 
			label="MCU_parse_data_send_in_data" 
			automatically_created="false" 
			watermark="1" 
			activity="2" 
			remainder="0" 
			max_depth="1" 
			channel="hierarchical_implementations/MCU/MCU.xml:parse_data_send_in_data" 
			owner_module="real_applications/mcu_2/mcu_2.xml:root:MCU" 
			owner_real_profile="real_applications/mcu_2/real_profiles/profile_19_8_30.xml" 
			select="false">
		</real_profile:real_channel_profile>
	</real_profile:real_channel_profiles>
	<real_profile:real_input_port_profiles>
		<real_profile:real_input_port_profile 
			name="NVM_write_key" 
			description="" 
			label="NVM_write_key" 
			automatically_created="false" 
			input_port="write_key" 
			starving="0.00410604" 
			max_starving="0.00410604" 
			min_starving="0.00410604" 
			avg_starving="0.00410604" 
			pop_count="1" 
			network_time="0" 
			network_speed="0" 
			select="false" 
			owner_module="real_applications/mcu_2/mcu_2.xml:root:NVM" 
			owner_real_profile="real_applications/mcu_2/real_profiles/profile_19_8_30.xml">
		</real_profile:real_input_port_profile>
		<real_profile:real_input_port_profile 
			name="NVM_write_in_address" 
			description="" 
			label="NVM_write_in_address" 
			automatically_created="false" 
			input_port="write_in_address" 
			starving="0" 
			max_starving="0" 
			min_starving="0" 
			avg_starving="0" 
			pop_count="1" 
			network_time="0" 
			network_speed="0" 
			select="false" 
			owner_module="real_applications/mcu_2/mcu_2.xml:root:NVM" 
			owner_real_profile="real_applications/mcu_2/real_profiles/profile_19_8_30.xml">
		</real_profile:real_input_port_profile>
		<real_profile:real_input_port_profile 
			name="NVM_read_from_address" 
			description="" 
			label="NVM_read_from_address" 
			automatically_created="false" 
			input_port="read_from_address" 
			starving="1.5974e-05" 
			max_starving="1.5974e-05" 
			min_starving="1.5974e-05" 
			avg_starving="1.5974e-05" 
			pop_count="1" 
			network_time="0" 
			network_speed="0" 
			select="false" 
			owner_module="real_applications/mcu_2/mcu_2.xml:root:NVM" 
			owner_real_profile="real_applications/mcu_2/real_profiles/profile_19_8_30.xml">
		</real_profile:real_input_port_profile>
		<real_profile:real_input_port_profile 
			name="write_file_in" 
			description="" 
			label="write_file_in" 
			automatically_created="false" 
			input_port="in" 
			starving="0.00468016" 
			max_starving="0.00468016" 
			min_starving="0.00468016" 
			avg_starving="0.00468016" 
			pop_count="0" 
			network_time="0" 
			network_speed="0" 
			select="false" 
			owner_module="real_applications/mcu_2/mcu_2.xml:root:write_file" 
			owner_real_profile="real_applications/mcu_2/real_profiles/profile_19_8_30.xml">
		</real_profile:real_input_port_profile>
		<real_profile:real_input_port_profile 
			name="write_out_data_in" 
			description="" 
			label="write_out_data_in" 
			automatically_created="false" 
			input_port="in" 
			starving="0.0106552" 
			max_starving="0.0106552" 
			min_starving="0.0106552" 
			avg_starving="0.0106552" 
			pop_count="1" 
			network_time="0" 
			network_speed="0" 
			select="false" 
			owner_module="real_applications/mcu_2/mcu_2.xml:root:write_out_data" 
			owner_real_profile="real_applications/mcu_2/real_profiles/profile_19_8_30.xml">
		</real_profile:real_input_port_profile>
		<real_profile:real_input_port_profile 
			name="UART2_RX" 
			description="" 
			label="UART2_RX" 
			automatically_created="false" 
			input_port="RX" 
			starving="0.000798702" 
			max_starving="0.000720978" 
			min_starving="0" 
			avg_starving="0.000133117" 
			pop_count="6" 
			network_time="0" 
			network_speed="0" 
			select="false" 
			owner_module="real_applications/mcu_2/mcu_2.xml:root:UART2" 
			owner_real_profile="real_applications/mcu_2/real_profiles/profile_19_8_30.xml">
		</real_profile:real_input_port_profile>
		<real_profile:real_input_port_profile 
			name="UART2_uart2_tx" 
			description="" 
			label="UART2_uart2_tx" 
			automatically_created="false" 
			input_port="uart2_tx" 
			starving="0.010428" 
			max_starving="0.010427" 
			min_starving="9.53674e-07" 
			avg_starving="0.00521398" 
			pop_count="1" 
			network_time="0" 
			network_speed="0" 
			select="false" 
			owner_module="real_applications/mcu_2/mcu_2.xml:root:UART2" 
			owner_real_profile="real_applications/mcu_2/real_profiles/profile_19_8_30.xml">
		</real_profile:real_input_port_profile>
		<real_profile:real_input_port_profile 
			name="UART1_RX" 
			description="" 
			label="UART1_RX" 
			automatically_created="false" 
			input_port="RX" 
			starving="0.000306845" 
			max_starving="0.000306845" 
			min_starving="0.000306845" 
			avg_starving="0.000306845" 
			pop_count="1" 
			network_time="0" 
			network_speed="0" 
			select="false" 
			owner_module="real_applications/mcu_2/mcu_2.xml:root:UART1" 
			owner_real_profile="real_applications/mcu_2/real_profiles/profile_19_8_30.xml">
		</real_profile:real_input_port_profile>
		<real_profile:real_input_port_profile 
			name="UART1_TX" 
			description="" 
			label="UART1_TX" 
			automatically_created="false" 
			input_port="TX" 
			starving="0.0044179" 
			max_starving="0.0044179" 
			min_starving="0.0044179" 
			avg_starving="0.0044179" 
			pop_count="0" 
			network_time="0" 
			network_speed="0" 
			select="false" 
			owner_module="real_applications/mcu_2/mcu_2.xml:root:UART1" 
			owner_real_profile="real_applications/mcu_2/real_profiles/profile_19_8_30.xml">
		</real_profile:real_input_port_profile>
		<real_profile:real_input_port_profile 
			name="MCU_enc_dec_in_data" 
			description="" 
			label="MCU_enc_dec_in_data" 
			automatically_created="false" 
			input_port="in_data" 
			starving="0" 
			max_starving="0" 
			min_starving="0" 
			avg_starving="0" 
			pop_count="1" 
			network_time="0" 
			network_speed="0" 
			select="false" 
			owner_module="real_applications/mcu_2/mcu_2.xml:root:MCU:enc_dec" 
			owner_real_profile="real_applications/mcu_2/real_profiles/profile_19_8_30.xml">
		</real_profile:real_input_port_profile>
		<real_profile:real_input_port_profile 
			name="MCU_enc_dec_key" 
			description="" 
			label="MCU_enc_dec_key" 
			automatically_created="false" 
			input_port="key" 
			starving="0.00419521" 
			max_starving="0.00419521" 
			min_starving="0.00419521" 
			avg_starving="0.00419521" 
			pop_count="1" 
			network_time="0" 
			network_speed="0" 
			select="false" 
			owner_module="real_applications/mcu_2/mcu_2.xml:root:MCU:enc_dec" 
			owner_real_profile="real_applications/mcu_2/real_profiles/profile_19_8_30.xml">
		</real_profile:real_input_port_profile>
		<real_profile:real_input_port_profile 
			name="MCU_check_out_error" 
			description="" 
			label="MCU_check_out_error" 
			automatically_created="false" 
			input_port="error" 
			starving="0.00672889" 
			max_starving="0.00672889" 
			min_starving="0.00672889" 
			avg_starving="0.00672889" 
			pop_count="1" 
			network_time="0" 
			network_speed="0" 
			select="false" 
			owner_module="real_applications/mcu_2/mcu_2.xml:root:MCU:check_out" 
			owner_real_profile="real_applications/mcu_2/real_profiles/profile_19_8_30.xml">
		</real_profile:real_input_port_profile>
		<real_profile:real_input_port_profile 
			name="MCU_check_out_data" 
			description="" 
			label="MCU_check_out_data" 
			automatically_created="false" 
			input_port="data" 
			starving="0" 
			max_starving="0" 
			min_starving="0" 
			avg_starving="0" 
			pop_count="1" 
			network_time="0" 
			network_speed="0" 
			select="false" 
			owner_module="real_applications/mcu_2/mcu_2.xml:root:MCU:check_out" 
			owner_real_profile="real_applications/mcu_2/real_profiles/profile_19_8_30.xml">
		</real_profile:real_input_port_profile>
		<real_profile:real_input_port_profile 
			name="MCU_parse_data_in_data" 
			description="" 
			label="MCU_parse_data_in_data" 
			automatically_created="false" 
			input_port="in_data" 
			starving="0.00690103" 
			max_starving="0.00690007" 
			min_starving="0" 
			avg_starving="0.00230034" 
			pop_count="2" 
			network_time="0" 
			network_speed="0" 
			select="false" 
			owner_module="real_applications/mcu_2/mcu_2.xml:root:MCU:parse_data" 
			owner_real_profile="real_applications/mcu_2/real_profiles/profile_19_8_30.xml">
		</real_profile:real_input_port_profile>
		<real_profile:real_input_port_profile 
			name="MCU_check_key_key" 
			description="" 
			label="MCU_check_key_key" 
			automatically_created="false" 
			input_port="key" 
			starving="0" 
			max_starving="0" 
			min_starving="0" 
			avg_starving="0" 
			pop_count="1" 
			network_time="0" 
			network_speed="0" 
			select="false" 
			owner_module="real_applications/mcu_2/mcu_2.xml:root:MCU:check_key" 
			owner_real_profile="real_applications/mcu_2/real_profiles/profile_19_8_30.xml">
		</real_profile:real_input_port_profile>
		<real_profile:real_input_port_profile 
			name="MCU_check_key_read_key" 
			description="" 
			label="MCU_check_key_read_key" 
			automatically_created="false" 
			input_port="read_key" 
			starving="0.000169039" 
			max_starving="0.000169039" 
			min_starving="0.000169039" 
			avg_starving="0.000169039" 
			pop_count="0" 
			network_time="0" 
			network_speed="0" 
			select="false" 
			owner_module="real_applications/mcu_2/mcu_2.xml:root:MCU:check_key" 
			owner_real_profile="real_applications/mcu_2/real_profiles/profile_19_8_30.xml">
		</real_profile:real_input_port_profile>
	</real_profile:real_input_port_profiles>
	<real_profile:real_output_port_profiles>
		<real_profile:real_output_port_profile 
			name="NVM_read_key" 
			description="" 
			label="NVM_read_key" 
			automatically_created="false" 
			stuffing="0" 
			max_stuffing="0" 
			min_stuffing="0" 
			avg_stuffing="0" 
			push_count="1" 
			output_port="read_key" 
			owner_module="real_applications/mcu_2/mcu_2.xml:root:NVM" 
			owner_real_profile="real_applications/mcu_2/real_profiles/profile_19_8_30.xml" 
			select="false">
		</real_profile:real_output_port_profile>
		<real_profile:real_output_port_profile 
			name="NVM_confirm_key" 
			description="" 
			label="NVM_confirm_key" 
			automatically_created="false" 
			stuffing="0" 
			max_stuffing="0" 
			min_stuffing="0" 
			avg_stuffing="0" 
			push_count="0" 
			output_port="confirm_key" 
			owner_module="real_applications/mcu_2/mcu_2.xml:root:NVM" 
			owner_real_profile="real_applications/mcu_2/real_profiles/profile_19_8_30.xml" 
			select="false">
		</real_profile:real_output_port_profile>
		<real_profile:real_output_port_profile 
			name="read_file_out" 
			description="" 
			label="read_file_out" 
			automatically_created="false" 
			stuffing="0" 
			max_stuffing="0" 
			min_stuffing="0" 
			avg_stuffing="0" 
			push_count="1" 
			output_port="out" 
			owner_module="real_applications/mcu_2/mcu_2.xml:root:read_file" 
			owner_real_profile="real_applications/mcu_2/real_profiles/profile_19_8_30.xml" 
			select="false">
		</real_profile:real_output_port_profile>
		<real_profile:real_output_port_profile 
			name="read_in_data_out" 
			description="" 
			label="read_in_data_out" 
			automatically_created="false" 
			stuffing="0.010468" 
			max_stuffing="0.010433" 
			min_stuffing="0" 
			avg_stuffing="0.0013085" 
			push_count="7" 
			output_port="out" 
			owner_module="real_applications/mcu_2/mcu_2.xml:root:read_in_data" 
			owner_real_profile="real_applications/mcu_2/real_profiles/profile_19_8_30.xml" 
			select="false">
		</real_profile:real_output_port_profile>
		<real_profile:real_output_port_profile 
			name="UART2_rx_out" 
			description="" 
			label="UART2_rx_out" 
			automatically_created="false" 
			stuffing="0" 
			max_stuffing="0" 
			min_stuffing="0" 
			avg_stuffing="0" 
			push_count="2" 
			output_port="rx_out" 
			owner_module="real_applications/mcu_2/mcu_2.xml:root:UART2" 
			owner_real_profile="real_applications/mcu_2/real_profiles/profile_19_8_30.xml" 
			select="false">
		</real_profile:real_output_port_profile>
		<real_profile:real_output_port_profile 
			name="UART2_TX" 
			description="" 
			label="UART2_TX" 
			automatically_created="false" 
			stuffing="0" 
			max_stuffing="0" 
			min_stuffing="0" 
			avg_stuffing="0" 
			push_count="1" 
			output_port="TX" 
			owner_module="real_applications/mcu_2/mcu_2.xml:root:UART2" 
			owner_real_profile="real_applications/mcu_2/real_profiles/profile_19_8_30.xml" 
			select="false">
		</real_profile:real_output_port_profile>
		<real_profile:real_output_port_profile 
			name="UART1_RX_out" 
			description="" 
			label="UART1_RX_out" 
			automatically_created="false" 
			stuffing="0" 
			max_stuffing="0" 
			min_stuffing="0" 
			avg_stuffing="0" 
			push_count="1" 
			output_port="RX_out" 
			owner_module="real_applications/mcu_2/mcu_2.xml:root:UART1" 
			owner_real_profile="real_applications/mcu_2/real_profiles/profile_19_8_30.xml" 
			select="false">
		</real_profile:real_output_port_profile>
		<real_profile:real_output_port_profile 
			name="UART1_TX_out" 
			description="" 
			label="UART1_TX_out" 
			automatically_created="false" 
			stuffing="0" 
			max_stuffing="0" 
			min_stuffing="0" 
			avg_stuffing="0" 
			push_count="0" 
			output_port="TX_out" 
			owner_module="real_applications/mcu_2/mcu_2.xml:root:UART1" 
			owner_real_profile="real_applications/mcu_2/real_profiles/profile_19_8_30.xml" 
			select="false">
		</real_profile:real_output_port_profile>
		<real_profile:real_output_port_profile 
			name="MCU_enc_dec_error" 
			description="" 
			label="MCU_enc_dec_error" 
			automatically_created="false" 
			stuffing="0" 
			max_stuffing="0" 
			min_stuffing="0" 
			avg_stuffing="0" 
			push_count="1" 
			output_port="error" 
			owner_module="real_applications/mcu_2/mcu_2.xml:root:MCU:enc_dec" 
			owner_real_profile="real_applications/mcu_2/real_profiles/profile_19_8_30.xml" 
			select="false">
		</real_profile:real_output_port_profile>
		<real_profile:real_output_port_profile 
			name="MCU_enc_dec_out_data" 
			description="" 
			label="MCU_enc_dec_out_data" 
			automatically_created="false" 
			stuffing="0" 
			max_stuffing="0" 
			min_stuffing="0" 
			avg_stuffing="0" 
			push_count="1" 
			output_port="out_data" 
			owner_module="real_applications/mcu_2/mcu_2.xml:root:MCU:enc_dec" 
			owner_real_profile="real_applications/mcu_2/real_profiles/profile_19_8_30.xml" 
			select="false">
		</real_profile:real_output_port_profile>
		<real_profile:real_output_port_profile 
			name="MCU_check_out_out" 
			description="" 
			label="MCU_check_out_out" 
			automatically_created="false" 
			stuffing="0" 
			max_stuffing="0" 
			min_stuffing="0" 
			avg_stuffing="0" 
			push_count="1" 
			output_port="out" 
			owner_module="real_applications/mcu_2/mcu_2.xml:root:MCU:check_out" 
			owner_real_profile="real_applications/mcu_2/real_profiles/profile_19_8_30.xml" 
			select="false">
		</real_profile:real_output_port_profile>
		<real_profile:real_output_port_profile 
			name="MCU_parse_data_read_from_address" 
			description="" 
			label="MCU_parse_data_read_from_address" 
			automatically_created="false" 
			stuffing="0" 
			max_stuffing="0" 
			min_stuffing="0" 
			avg_stuffing="0" 
			push_count="2" 
			output_port="read_from_address" 
			owner_module="real_applications/mcu_2/mcu_2.xml:root:MCU:parse_data" 
			owner_real_profile="real_applications/mcu_2/real_profiles/profile_19_8_30.xml" 
			select="false">
		</real_profile:real_output_port_profile>
		<real_profile:real_output_port_profile 
			name="MCU_parse_data_send_in_data" 
			description="" 
			label="MCU_parse_data_send_in_data" 
			automatically_created="false" 
			stuffing="0" 
			max_stuffing="0" 
			min_stuffing="0" 
			avg_stuffing="0" 
			push_count="2" 
			output_port="send_in_data" 
			owner_module="real_applications/mcu_2/mcu_2.xml:root:MCU:parse_data" 
			owner_real_profile="real_applications/mcu_2/real_profiles/profile_19_8_30.xml" 
			select="false">
		</real_profile:real_output_port_profile>
		<real_profile:real_output_port_profile 
			name="MCU_check_key_confirm" 
			description="" 
			label="MCU_check_key_confirm" 
			automatically_created="false" 
			stuffing="0" 
			max_stuffing="0" 
			min_stuffing="0" 
			avg_stuffing="0" 
			push_count="0" 
			output_port="confirm" 
			owner_module="real_applications/mcu_2/mcu_2.xml:root:MCU:check_key" 
			owner_real_profile="real_applications/mcu_2/real_profiles/profile_19_8_30.xml" 
			select="false">
		</real_profile:real_output_port_profile>
		<real_profile:real_output_port_profile 
			name="MCU_check_key_write_in_address" 
			description="" 
			label="MCU_check_key_write_in_address" 
			automatically_created="false" 
			stuffing="0" 
			max_stuffing="0" 
			min_stuffing="0" 
			avg_stuffing="0" 
			push_count="1" 
			output_port="write_in_address" 
			owner_module="real_applications/mcu_2/mcu_2.xml:root:MCU:check_key" 
			owner_real_profile="real_applications/mcu_2/real_profiles/profile_19_8_30.xml" 
			select="false">
		</real_profile:real_output_port_profile>
		<real_profile:real_output_port_profile 
			name="MCU_check_key_write_key" 
			description="" 
			label="MCU_check_key_write_key" 
			automatically_created="false" 
			stuffing="0" 
			max_stuffing="0" 
			min_stuffing="0" 
			avg_stuffing="0" 
			push_count="1" 
			output_port="write_key" 
			owner_module="real_applications/mcu_2/mcu_2.xml:root:MCU:check_key" 
			owner_real_profile="real_applications/mcu_2/real_profiles/profile_19_8_30.xml" 
			select="false">
		</real_profile:real_output_port_profile>
	</real_profile:real_output_port_profiles>
	<real_profile:real_cpu_profiles>
		<real_profile:real_cpu_profile 
			name="AMYsLTsM35443_node_0_cpu_0_profile" 
			description="" 
			label="AMYsLTsM35443_node_0_cpu_0_profile" 
			automatically_created="false" 
			idle_count="12840" 
			idle_max_count="0" 
			cpu="real_platforms/AMY-LT-M35443/AMY-LT-M35443.xml:AMYsLTsM35443_node_0_cpu_0" 
			owner_real_profile="real_applications/mcu_2/real_profiles/profile_19_8_30.xml">
		</real_profile:real_cpu_profile>
		<real_profile:real_cpu_profile 
			name="AMYsLTsM35443_node_0_cpu_1_profile" 
			description="" 
			label="AMYsLTsM35443_node_0_cpu_1_profile" 
			automatically_created="false" 
			idle_count="40986" 
			idle_max_count="0" 
			cpu="real_platforms/AMY-LT-M35443/AMY-LT-M35443.xml:AMYsLTsM35443_node_0_cpu_1" 
			owner_real_profile="real_applications/mcu_2/real_profiles/profile_19_8_30.xml">
		</real_profile:real_cpu_profile>
		<real_profile:real_cpu_profile 
			name="AMYsLTsM35443_node_0_cpu_2_profile" 
			description="" 
			label="AMYsLTsM35443_node_0_cpu_2_profile" 
			automatically_created="false" 
			idle_count="45311" 
			idle_max_count="0" 
			cpu="real_platforms/AMY-LT-M35443/AMY-LT-M35443.xml:AMYsLTsM35443_node_0_cpu_2" 
			owner_real_profile="real_applications/mcu_2/real_profiles/profile_19_8_30.xml">
		</real_profile:real_cpu_profile>
		<real_profile:real_cpu_profile 
			name="AMYsLTsM35443_node_0_cpu_3_profile" 
			description="" 
			label="AMYsLTsM35443_node_0_cpu_3_profile" 
			automatically_created="false" 
			idle_count="21084" 
			idle_max_count="0" 
			cpu="real_platforms/AMY-LT-M35443/AMY-LT-M35443.xml:AMYsLTsM35443_node_0_cpu_3" 
			owner_real_profile="real_applications/mcu_2/real_profiles/profile_19_8_30.xml">
		</real_profile:real_cpu_profile>
		<real_profile:real_cpu_profile 
			name="AMYsLTsM35443_node_0_cpu_4_profile" 
			description="" 
			label="AMYsLTsM35443_node_0_cpu_4_profile" 
			automatically_created="false" 
			idle_count="29143" 
			idle_max_count="0" 
			cpu="real_platforms/AMY-LT-M35443/AMY-LT-M35443.xml:AMYsLTsM35443_node_0_cpu_4" 
			owner_real_profile="real_applications/mcu_2/real_profiles/profile_19_8_30.xml">
		</real_profile:real_cpu_profile>
	</real_profile:real_cpu_profiles>
	<real_profile:real_module_assignments>
		<real_profile:real_module_assignment 
			name="root__read_file_to_AMYsLTsM35443_node_0_cpu_0" 
			description="" 
			label="root__read_file_to_AMYsLTsM35443_node_0_cpu_0" 
			automatically_created="false" 
			owner_real_application="" 
			owner_real_profile="real_applications/mcu_2/real_profiles/profile_19_8_30.xml" 
			real_platform_object="real_platforms/AMY-LT-M35443/AMY-LT-M35443.xml:AMYsLTsM35443_node_0_cpu_0" 
			constraint_file_path="" 
			module=":root:read_file">
		</real_profile:real_module_assignment>
		<real_profile:real_module_assignment 
			name="root__write_file_to_AMYsLTsM35443_node_0_cpu_0" 
			description="" 
			label="root__write_file_to_AMYsLTsM35443_node_0_cpu_0" 
			automatically_created="false" 
			owner_real_application="" 
			owner_real_profile="real_applications/mcu_2/real_profiles/profile_19_8_30.xml" 
			real_platform_object="real_platforms/AMY-LT-M35443/AMY-LT-M35443.xml:AMYsLTsM35443_node_0_cpu_0" 
			constraint_file_path="" 
			module=":root:write_file">
		</real_profile:real_module_assignment>
		<real_profile:real_module_assignment 
			name="root__NVM_to_AMYsLTsM35443_node_0_ram" 
			description="" 
			label="root__NVM_to_AMYsLTsM35443_node_0_ram" 
			automatically_created="false" 
			owner_real_application="" 
			owner_real_profile="real_applications/mcu_2/real_profiles/profile_19_8_30.xml" 
			real_platform_object="real_platforms/AMY-LT-M35443/AMY-LT-M35443.xml:AMYsLTsM35443_node_0_ram" 
			constraint_file_path="" 
			module=":root:NVM">
		</real_profile:real_module_assignment>
		<real_profile:real_module_assignment 
			name="root__UART1_to_AMYsLTsM35443_node_0_cpu_0" 
			description="" 
			label="root__UART1_to_AMYsLTsM35443_node_0_cpu_0" 
			automatically_created="false" 
			owner_real_application="" 
			owner_real_profile="real_applications/mcu_2/real_profiles/profile_19_8_30.xml" 
			real_platform_object="real_platforms/AMY-LT-M35443/AMY-LT-M35443.xml:AMYsLTsM35443_node_0_cpu_0" 
			constraint_file_path="" 
			module=":root:UART1">
		</real_profile:real_module_assignment>
		<real_profile:real_module_assignment 
			name="root__UART2_to_AMYsLTsM35443_node_0_cpu_0" 
			description="" 
			label="root__UART2_to_AMYsLTsM35443_node_0_cpu_0" 
			automatically_created="false" 
			owner_real_application="" 
			owner_real_profile="real_applications/mcu_2/real_profiles/profile_19_8_30.xml" 
			real_platform_object="real_platforms/AMY-LT-M35443/AMY-LT-M35443.xml:AMYsLTsM35443_node_0_cpu_0" 
			constraint_file_path="" 
			module=":root:UART2">
		</real_profile:real_module_assignment>
		<real_profile:real_module_assignment 
			name="root_MCU__check_key_to_AMYsLTsM35443_node_0_cpu_0" 
			description="" 
			label="root_MCU__check_key_to_AMYsLTsM35443_node_0_cpu_0" 
			automatically_created="false" 
			owner_real_application="" 
			owner_real_profile="real_applications/mcu_2/real_profiles/profile_19_8_30.xml" 
			real_platform_object="real_platforms/AMY-LT-M35443/AMY-LT-M35443.xml:AMYsLTsM35443_node_0_cpu_0" 
			constraint_file_path="" 
			module=":root:MCU:check_key">
		</real_profile:real_module_assignment>
		<real_profile:real_module_assignment 
			name="root_MCU__check_out_to_AMYsLTsM35443_node_0_cpu_0" 
			description="" 
			label="root_MCU__check_out_to_AMYsLTsM35443_node_0_cpu_0" 
			automatically_created="false" 
			owner_real_application="" 
			owner_real_profile="real_applications/mcu_2/real_profiles/profile_19_8_30.xml" 
			real_platform_object="real_platforms/AMY-LT-M35443/AMY-LT-M35443.xml:AMYsLTsM35443_node_0_cpu_0" 
			constraint_file_path="" 
			module=":root:MCU:check_out">
		</real_profile:real_module_assignment>
		<real_profile:real_module_assignment 
			name="root_MCU__enc_dec_to_AMYsLTsM35443_node_0_cpu_0" 
			description="" 
			label="root_MCU__enc_dec_to_AMYsLTsM35443_node_0_cpu_0" 
			automatically_created="false" 
			owner_real_application="" 
			owner_real_profile="real_applications/mcu_2/real_profiles/profile_19_8_30.xml" 
			real_platform_object="real_platforms/AMY-LT-M35443/AMY-LT-M35443.xml:AMYsLTsM35443_node_0_cpu_0" 
			constraint_file_path="" 
			module=":root:MCU:enc_dec">
		</real_profile:real_module_assignment>
		<real_profile:real_module_assignment 
			name="root_MCU__parse_data_to_AMYsLTsM35443_node_0_cpu_0" 
			description="" 
			label="root_MCU__parse_data_to_AMYsLTsM35443_node_0_cpu_0" 
			automatically_created="false" 
			owner_real_application="" 
			owner_real_profile="real_applications/mcu_2/real_profiles/profile_19_8_30.xml" 
			real_platform_object="real_platforms/AMY-LT-M35443/AMY-LT-M35443.xml:AMYsLTsM35443_node_0_cpu_0" 
			constraint_file_path="" 
			module=":root:MCU:parse_data">
		</real_profile:real_module_assignment>
		<real_profile:real_module_assignment 
			name="root__NVM_to_AMYsLTsM35443_node_0_cpu_0" 
			description="" 
			label="root__NVM_to_AMYsLTsM35443_node_0_cpu_0" 
			automatically_created="false" 
			owner_real_application="" 
			owner_real_profile="real_applications/mcu_2/real_profiles/profile_19_8_30.xml" 
			real_platform_object="real_platforms/AMY-LT-M35443/AMY-LT-M35443.xml:AMYsLTsM35443_node_0_cpu_0" 
			constraint_file_path="" 
			module=":root:NVM">
		</real_profile:real_module_assignment>
		<real_profile:real_module_assignment 
			name="root__read_in_data_to_AMYsLTsM35443_node_0_cpu_0" 
			description="" 
			label="root__read_in_data_to_AMYsLTsM35443_node_0_cpu_0" 
			automatically_created="false" 
			owner_real_application="" 
			owner_real_profile="real_applications/mcu_2/real_profiles/profile_19_8_30.xml" 
			real_platform_object="real_platforms/AMY-LT-M35443/AMY-LT-M35443.xml:AMYsLTsM35443_node_0_cpu_0" 
			constraint_file_path="" 
			module=":root:read_in_data">
		</real_profile:real_module_assignment>
		<real_profile:real_module_assignment 
			name="root__write_out_data_to_AMYsLTsM35443_node_0_cpu_0" 
			description="" 
			label="root__write_out_data_to_AMYsLTsM35443_node_0_cpu_0" 
			automatically_created="false" 
			owner_real_application="" 
			owner_real_profile="real_applications/mcu_2/real_profiles/profile_19_8_30.xml" 
			real_platform_object="real_platforms/AMY-LT-M35443/AMY-LT-M35443.xml:AMYsLTsM35443_node_0_cpu_0" 
			constraint_file_path="" 
			module=":root:write_out_data">
		</real_profile:real_module_assignment>
	</real_profile:real_module_assignments>
	<real_profile:real_channel_assignments>
	</real_profile:real_channel_assignments>
</application:real_profile>
