<?xml version="1.0"?>
<proximus:hierarchical_implementation xmlns:proximus="http://proximusda.com/html" xmlns:hierarchical_implementation="hierarchical_implementation" xmlns:instance="instance" xmlns:for_loop="for_loop" xmlns:map_reduce="map_reduce" 
	name="mcu_2" 
	description="" 
	label="mcu_2" 
	automatically_created="false" 
	owner_project="verifiable_chain.xml" 
	interface="interfaces/mcu_2/mcu_2.xml" 
	generate_fire="false" 
	generate_initialize="false" 
	generate_globals="false" 
	generate_member_variables="false" 
	generate_member_functions="false" 
	generate_includes="false" 
	c_flags="" 
	l_flags="" 
	generate_finalize="false" 
	generate_hierarchy="">
	<hierarchical_implementation:fire><![CDATA[
	]]></hierarchical_implementation:fire>
	<hierarchical_implementation:initialize><![CDATA[
	]]></hierarchical_implementation:initialize>
	<hierarchical_implementation:elaborate><![CDATA[
	]]></hierarchical_implementation:elaborate>
	<hierarchical_implementation:globals><![CDATA[
	]]></hierarchical_implementation:globals>
	<hierarchical_implementation:member_variables><![CDATA[
	]]></hierarchical_implementation:member_variables>
	<hierarchical_implementation:member_functions><![CDATA[
	]]></hierarchical_implementation:member_functions>
	<hierarchical_implementation:includes><![CDATA[
	]]></hierarchical_implementation:includes>
	<hierarchical_implementation:finalize><![CDATA[
	]]></hierarchical_implementation:finalize>
	<hierarchical_implementation:sources>
	</hierarchical_implementation:sources>
	<hierarchical_implementation:state_variables>
	</hierarchical_implementation:state_variables>
	<hierarchical_implementation:channels>
		<hierarchical_implementation:channel 
			name="UART1_RX_out" 
			description="" 
			label="UART1_RX_out" 
			automatically_created="false" 
			error="" 
			source="RX_out" 
			channel_depth="1" 
			owner_hierarchical_implementation="hierarchical_implementations/mcu_2/mcu_2.xml">
		</hierarchical_implementation:channel>
		<hierarchical_implementation:channel 
			name="MCU_key" 
			description="" 
			label="MCU_key" 
			automatically_created="false" 
			error="" 
			source="key" 
			channel_depth="1" 
			owner_hierarchical_implementation="hierarchical_implementations/mcu_2/mcu_2.xml">
		</hierarchical_implementation:channel>
		<hierarchical_implementation:channel 
			name="NVM_nvm_out" 
			description="" 
			label="NVM_nvm_out" 
			automatically_created="false" 
			error="" 
			source="read_key" 
			channel_depth="1" 
			owner_hierarchical_implementation="hierarchical_implementations/mcu_2/mcu_2.xml">
		</hierarchical_implementation:channel>
		<hierarchical_implementation:channel 
			name="UART2_rx_out" 
			description="" 
			label="UART2_rx_out" 
			automatically_created="false" 
			error="" 
			source="rx_out" 
			channel_depth="1" 
			owner_hierarchical_implementation="hierarchical_implementations/mcu_2/mcu_2.xml">
		</hierarchical_implementation:channel>
		<hierarchical_implementation:channel 
			name="MCU_uart2_tx_out" 
			description="" 
			label="MCU_uart2_tx_out" 
			automatically_created="false" 
			error="" 
			source="uart2_tx_out" 
			channel_depth="1" 
			owner_hierarchical_implementation="hierarchical_implementations/mcu_2/mcu_2.xml">
		</hierarchical_implementation:channel>
		<hierarchical_implementation:channel 
			name="recieve_key_out" 
			description="" 
			label="recieve_key_out" 
			automatically_created="false" 
			error="" 
			source="out" 
			channel_depth="1" 
			owner_hierarchical_implementation="hierarchical_implementations/mcu_2/mcu_2.xml">
		</hierarchical_implementation:channel>
		<hierarchical_implementation:channel 
			name="MCU_uart1_tx_out" 
			description="" 
			label="MCU_uart1_tx_out" 
			automatically_created="false" 
			error="" 
			source="uart1_tx_out" 
			channel_depth="1" 
			owner_hierarchical_implementation="hierarchical_implementations/mcu_2/mcu_2.xml">
		</hierarchical_implementation:channel>
		<hierarchical_implementation:channel 
			name="UART1_TX_out" 
			description="" 
			label="UART1_TX_out" 
			automatically_created="false" 
			error="" 
			source="TX_out" 
			channel_depth="1" 
			owner_hierarchical_implementation="hierarchical_implementations/mcu_2/mcu_2.xml">
		</hierarchical_implementation:channel>
		<hierarchical_implementation:channel 
			name="read_enc_data_out" 
			description="" 
			label="read_enc_data_out" 
			automatically_created="false" 
			error="" 
			source="out" 
			channel_depth="1" 
			owner_hierarchical_implementation="hierarchical_implementations/mcu_2/mcu_2.xml">
		</hierarchical_implementation:channel>
		<hierarchical_implementation:channel 
			name="UART2_TX" 
			description="" 
			label="UART2_TX" 
			automatically_created="false" 
			error="" 
			source="TX" 
			channel_depth="1" 
			owner_hierarchical_implementation="hierarchical_implementations/mcu_2/mcu_2.xml">
		</hierarchical_implementation:channel>
		<hierarchical_implementation:channel 
			name="MCU_write_in_address" 
			description="" 
			label="MCU_write_in_address" 
			automatically_created="false" 
			error="" 
			source="write_in_address" 
			channel_depth="1" 
			owner_hierarchical_implementation="hierarchical_implementations/mcu_2/mcu_2.xml">
		</hierarchical_implementation:channel>
		<hierarchical_implementation:channel 
			name="MCU_read_from_address" 
			description="" 
			label="MCU_read_from_address" 
			automatically_created="false" 
			error="" 
			source="read_from_address" 
			channel_depth="1" 
			owner_hierarchical_implementation="hierarchical_implementations/mcu_2/mcu_2.xml">
		</hierarchical_implementation:channel>
		<hierarchical_implementation:channel 
			name="NVM_confirm_key" 
			description="" 
			label="NVM_confirm_key" 
			automatically_created="false" 
			error="" 
			source="confirm_key" 
			channel_depth="1" 
			owner_hierarchical_implementation="hierarchical_implementations/mcu_2/mcu_2.xml">
		</hierarchical_implementation:channel>
	</hierarchical_implementation:channels>
	<hierarchical_implementation:ports>
	</hierarchical_implementation:ports>
	<hierarchical_implementation:instances>
		<hierarchical_implementation:instance 
			name="UART1" 
			description="" 
			label="UART1" 
			automatically_created="false" 
			x_coordinate="304.415" 
			y_coordinate="141.362" 
			width="177.758" 
			height="164.585" 
			color="" 
			image_path="" 
			owner_interface="interfaces/UART1/UART1.xml" 
			owner_hierarchical_implementation="hierarchical_implementations/mcu_2/mcu_2.xml">
			<instance:ports>
				<instance:port 
					name="RX" 
					description="" 
					label="RX" 
					automatically_created="false" 
					type="proximus::hw_ip::vector&lt;char, SIZE&gt;" 
					direction="Input" 
					alignment="Left" 
					data_access="false" 
					gui_index="0" 
					instance_port_type="proximus::hw_ip::vector&lt;char, SIZE&gt;" 
					value="&lt;empty&gt;" 
					time_tag="&lt;empty&gt;" 
					owner_instance="UART1" 
					channel="recieve_key_out" 
			asynchronous="false">
				</instance:port>
				<instance:port 
					name="RX_out" 
					description="" 
					label="RX_out" 
					automatically_created="false" 
					type="proximus::hw_ip::vector&lt;char, SIZE&gt;" 
					direction="Output" 
					alignment="Right" 
					data_access="false" 
					gui_index="0" 
					instance_port_type="proximus::hw_ip::vector&lt;char, SIZE&gt;" 
					value="&lt;empty&gt;" 
					time_tag="&lt;empty&gt;" 
					owner_instance="UART1" 
					channel="UART1_RX_out" 
			asynchronous="false">
				</instance:port>
				<instance:port 
					name="TX" 
					description="" 
					label="TX" 
					automatically_created="false" 
					type="std::string" 
					direction="Input" 
					alignment="Right" 
					data_access="false" 
					gui_index="1" 
					instance_port_type="std::string" 
					value="&lt;empty&gt;" 
					time_tag="&lt;empty&gt;" 
					owner_instance="UART1" 
					channel="MCU_uart1_tx_out" 
			asynchronous="false">
				</instance:port>
				<instance:port 
					name="TX_out" 
					description="" 
					label="TX_out" 
					automatically_created="false" 
					type="std::string" 
					direction="Output" 
					alignment="Left" 
					data_access="false" 
					gui_index="1" 
					instance_port_type="std::string" 
					value="&lt;empty&gt;" 
					time_tag="&lt;empty&gt;" 
					owner_instance="UART1" 
					channel="UART1_TX_out" 
			asynchronous="false">
				</instance:port>
			</instance:ports>
			<instance:parameter_values>
			</instance:parameter_values>
		</hierarchical_implementation:instance>
		<hierarchical_implementation:instance 
			name="UART2" 
			description="" 
			label="UART2" 
			automatically_created="false" 
			x_coordinate="920.291" 
			y_coordinate="143" 
			width="177.758" 
			height="164.585" 
			color="" 
			image_path="" 
			owner_interface="interfaces/UART2/UART2.xml" 
			owner_hierarchical_implementation="hierarchical_implementations/mcu_2/mcu_2.xml">
			<instance:ports>
				<instance:port 
					name="RX" 
					description="" 
					label="RX" 
					automatically_created="false" 
					type="proximus::hw_ip::vector&lt;char, SIZE&gt;" 
					direction="Input" 
					alignment="Right" 
					data_access="false" 
					gui_index="0" 
					instance_port_type="proximus::hw_ip::vector&lt;char, SIZE&gt;" 
					value="&lt;empty&gt;" 
					time_tag="&lt;empty&gt;" 
					owner_instance="UART2" 
					channel="read_enc_data_out" 
			asynchronous="false">
				</instance:port>
				<instance:port 
					name="rx_out" 
					description="" 
					label="rx_out" 
					automatically_created="false" 
					type="proximus::hw_ip::vector&lt;char, SIZE&gt;" 
					direction="Output" 
					alignment="Left" 
					data_access="false" 
					gui_index="0" 
					instance_port_type="proximus::hw_ip::vector&lt;char, SIZE&gt;" 
					value="&lt;empty&gt;" 
					time_tag="&lt;empty&gt;" 
					owner_instance="UART2" 
					channel="UART2_rx_out" 
			asynchronous="false">
				</instance:port>
				<instance:port 
					name="TX" 
					description="" 
					label="TX" 
					automatically_created="false" 
					type="proximus::hw_ip::vector&lt;char, SIZE&gt;" 
					direction="Output" 
					alignment="Right" 
					data_access="false" 
					gui_index="1" 
					instance_port_type="proximus::hw_ip::vector&lt;char, SIZE&gt;" 
					value="&lt;empty&gt;" 
					time_tag="&lt;empty&gt;" 
					owner_instance="UART2" 
					channel="UART2_TX" 
			asynchronous="false">
				</instance:port>
				<instance:port 
					name="uart2_tx" 
					description="" 
					label="uart2_tx" 
					automatically_created="false" 
					type="proximus::hw_ip::vector&lt;char, SIZE&gt;" 
					direction="Input" 
					alignment="Left" 
					data_access="false" 
					gui_index="1" 
					instance_port_type="proximus::hw_ip::vector&lt;char, SIZE&gt;" 
					value="&lt;empty&gt;" 
					time_tag="&lt;empty&gt;" 
					owner_instance="UART2" 
					channel="MCU_uart2_tx_out" 
			asynchronous="false">
				</instance:port>
			</instance:ports>
			<instance:parameter_values>
			</instance:parameter_values>
		</hierarchical_implementation:instance>
		<hierarchical_implementation:instance 
			name="MCU" 
			description="" 
			label="MCU" 
			automatically_created="false" 
			x_coordinate="566.939" 
			y_coordinate="78.3783" 
			width="264.791" 
			height="260.503" 
			color="" 
			image_path="" 
			owner_interface="interfaces/MCU/MCU.xml" 
			owner_hierarchical_implementation="hierarchical_implementations/mcu_2/mcu_2.xml">
			<instance:ports>
				<instance:port 
					name="uart1_rx" 
					description="" 
					label="uart1_rx" 
					automatically_created="false" 
					type="proximus::hw_ip::vector&lt;char, SIZE&gt;" 
					direction="Input" 
					alignment="Left" 
					data_access="false" 
					gui_index="0" 
					instance_port_type="proximus::hw_ip::vector&lt;char, SIZE&gt;" 
					value="&lt;empty&gt;" 
					time_tag="&lt;empty&gt;" 
					owner_instance="MCU" 
					channel="UART1_RX_out" 
			asynchronous="false">
				</instance:port>
				<instance:port 
					name="uart2_rx" 
					description="" 
					label="uart2_rx" 
					automatically_created="false" 
					type="proximus::hw_ip::vector&lt;char, SIZE&gt;" 
					direction="Input" 
					alignment="Right" 
					data_access="false" 
					gui_index="0" 
					instance_port_type="proximus::hw_ip::vector&lt;char, SIZE&gt;" 
					value="&lt;empty&gt;" 
					time_tag="&lt;empty&gt;" 
					owner_instance="MCU" 
					channel="UART2_rx_out" 
			asynchronous="false">
				</instance:port>
				<instance:port 
					name="uart1_tx_out" 
					description="" 
					label="uart1_tx_out" 
					automatically_created="false" 
					type="std::string" 
					direction="Output" 
					alignment="Left" 
					data_access="false" 
					gui_index="1" 
					instance_port_type="std::string" 
					value="&lt;empty&gt;" 
					time_tag="&lt;empty&gt;" 
					owner_instance="MCU" 
					channel="MCU_uart1_tx_out" 
			asynchronous="false">
				</instance:port>
				<instance:port 
					name="uart2_tx_out" 
					description="" 
					label="uart2_tx_out" 
					automatically_created="false" 
					type="proximus::hw_ip::vector&lt;char, SIZE&gt;" 
					direction="Output" 
					alignment="Right" 
					data_access="false" 
					gui_index="1" 
					instance_port_type="proximus::hw_ip::vector&lt;char, SIZE&gt;" 
					value="&lt;empty&gt;" 
					time_tag="&lt;empty&gt;" 
					owner_instance="MCU" 
					channel="MCU_uart2_tx_out" 
			asynchronous="false">
				</instance:port>
				<instance:port 
					name="read_key" 
					description="" 
					label="read_key" 
					automatically_created="false" 
					type="proximus::hw_ip::vector&lt;char, SIZE&gt;" 
					direction="Input" 
					alignment="Bottom" 
					data_access="false" 
					gui_index="3" 
					instance_port_type="proximus::hw_ip::vector&lt;char, SIZE&gt;" 
					value="&lt;empty&gt;" 
					time_tag="&lt;empty&gt;" 
					owner_instance="MCU" 
					channel="NVM_nvm_out" 
			asynchronous="false">
				</instance:port>
				<instance:port 
					name="key" 
					description="" 
					label="key" 
					automatically_created="false" 
					type="proximus::hw_ip::vector&lt;char, SIZE&gt;" 
					direction="Output" 
					alignment="Bottom" 
					data_access="false" 
					gui_index="1" 
					instance_port_type="proximus::hw_ip::vector&lt;char, SIZE&gt;" 
					value="&lt;empty&gt;" 
					time_tag="&lt;empty&gt;" 
					owner_instance="MCU" 
					channel="MCU_key" 
			asynchronous="false">
				</instance:port>
				<instance:port 
					name="write_in_address" 
					description="" 
					label="write_in_address" 
					automatically_created="false" 
					type="int" 
					direction="Output" 
					alignment="Bottom" 
					data_access="false" 
					gui_index="0" 
					instance_port_type="int" 
					value="&lt;empty&gt;" 
					time_tag="&lt;empty&gt;" 
					owner_instance="MCU" 
					channel="MCU_write_in_address" 
			asynchronous="false">
				</instance:port>
				<instance:port 
					name="read_from_address" 
					description="" 
					label="read_from_address" 
					automatically_created="false" 
					type="int" 
					direction="Output" 
					alignment="Bottom" 
					data_access="false" 
					gui_index="2" 
					instance_port_type="int" 
					value="&lt;empty&gt;" 
					time_tag="&lt;empty&gt;" 
					owner_instance="MCU" 
					channel="MCU_read_from_address" 
			asynchronous="false">
				</instance:port>
				<instance:port 
					name="confirm_key" 
					description="" 
					label="confirm_key" 
					automatically_created="false" 
					type="proximus::hw_ip::vector&lt;char, SIZE&gt;" 
					direction="Input" 
					alignment="Bottom" 
					data_access="false" 
					gui_index="4" 
					instance_port_type="proximus::hw_ip::vector&lt;char, SIZE&gt;" 
					value="&lt;empty&gt;" 
					time_tag="&lt;empty&gt;" 
					owner_instance="MCU" 
					channel="NVM_confirm_key" 
			asynchronous="false">
				</instance:port>
			</instance:ports>
			<instance:parameter_values>
			</instance:parameter_values>
		</hierarchical_implementation:instance>
		<hierarchical_implementation:instance 
			name="NVM" 
			description="" 
			label="NVM" 
			automatically_created="false" 
			x_coordinate="569.525" 
			y_coordinate="437.936" 
			width="261.019" 
			height="100.588" 
			color="" 
			image_path="" 
			owner_interface="interfaces/NVM/NVM.xml" 
			owner_hierarchical_implementation="hierarchical_implementations/mcu_2/mcu_2.xml">
			<instance:ports>
				<instance:port 
					name="read_key" 
					description="" 
					label="read_key" 
					automatically_created="false" 
					type="proximus::hw_ip::vector&lt;char, SIZE&gt;" 
					direction="Output" 
					alignment="Top" 
					data_access="false" 
					gui_index="3" 
					instance_port_type="proximus::hw_ip::vector&lt;char, SIZE&gt;" 
					value="&lt;empty&gt;" 
					time_tag="&lt;empty&gt;" 
					owner_instance="NVM" 
					channel="NVM_nvm_out" 
			asynchronous="false">
				</instance:port>
				<instance:port 
					name="write_key" 
					description="" 
					label="write_key" 
					automatically_created="false" 
					type="proximus::hw_ip::vector&lt;char, SIZE&gt;" 
					direction="Input" 
					alignment="Top" 
					data_access="false" 
					gui_index="1" 
					instance_port_type="proximus::hw_ip::vector&lt;char, SIZE&gt;" 
					value="&lt;empty&gt;" 
					time_tag="&lt;empty&gt;" 
					owner_instance="NVM" 
					channel="MCU_key" 
			asynchronous="false">
				</instance:port>
				<instance:port 
					name="write_in_address" 
					description="" 
					label="write_in_address" 
					automatically_created="false" 
					type="int" 
					direction="Input" 
					alignment="Top" 
					data_access="false" 
					gui_index="0" 
					instance_port_type="int" 
					value="&lt;empty&gt;" 
					time_tag="&lt;empty&gt;" 
					owner_instance="NVM" 
					channel="MCU_write_in_address" 
			asynchronous="false">
				</instance:port>
				<instance:port 
					name="read_from_address" 
					description="" 
					label="read_from_address" 
					automatically_created="false" 
					type="int" 
					direction="Input" 
					alignment="Top" 
					data_access="false" 
					gui_index="2" 
					instance_port_type="int" 
					value="&lt;empty&gt;" 
					time_tag="&lt;empty&gt;" 
					owner_instance="NVM" 
					channel="MCU_read_from_address" 
			asynchronous="false">
				</instance:port>
				<instance:port 
					name="confirm_key" 
					description="" 
					label="confirm_key" 
					automatically_created="false" 
					type="proximus::hw_ip::vector&lt;char, SIZE&gt;" 
					direction="Output" 
					alignment="Top" 
					data_access="false" 
					gui_index="4" 
					instance_port_type="proximus::hw_ip::vector&lt;char, SIZE&gt;" 
					value="&lt;empty&gt;" 
					time_tag="&lt;empty&gt;" 
					owner_instance="NVM" 
					channel="NVM_confirm_key" 
			asynchronous="false">
				</instance:port>
			</instance:ports>
			<instance:parameter_values>
			</instance:parameter_values>
		</hierarchical_implementation:instance>
		<hierarchical_implementation:instance 
			name="read_file" 
			description="This module reads the key and sends it to MCU module through the UART." 
			label="read_file" 
			automatically_created="false" 
			x_coordinate="20" 
			y_coordinate="164.738" 
			width="157.516" 
			height="55.2936" 
			color="" 
			image_path="" 
			owner_interface="interfaces/read_file/read_file.xml" 
			owner_hierarchical_implementation="hierarchical_implementations/mcu_2/mcu_2.xml">
			<instance:ports>
				<instance:port 
					name="out" 
					description="" 
					label="out" 
					automatically_created="false" 
					type="proximus::hw_ip::vector&lt;char, SIZE&gt;" 
					direction="Output" 
					alignment="Right" 
					data_access="false" 
					gui_index="0" 
					instance_port_type="proximus::hw_ip::vector&lt;char, SIZE&gt;" 
					value="&lt;empty&gt;" 
					time_tag="&lt;empty&gt;" 
					owner_instance="read_file" 
					channel="recieve_key_out" 
			asynchronous="false">
				</instance:port>
			</instance:ports>
			<instance:parameter_values>
				<instance:parameter_value 
					name="file_path" 
					description="" 
					label="file_path" 
					automatically_created="false" 
					type="std::string" 
					value="&quot;/home/zarine_g/thesis_project/private_key.pem&quot;" 
					parameter="file_path" 
					instance="read_file">
				</instance:parameter_value>
			</instance:parameter_values>
		</hierarchical_implementation:instance>
		<hierarchical_implementation:instance 
			name="write_file" 
			description="" 
			label="write file" 
			automatically_created="false" 
			x_coordinate="20" 
			y_coordinate="225.468" 
			width="157.516" 
			height="55.2936" 
			color="" 
			image_path="" 
			owner_interface="interfaces/write_file/write_file.xml" 
			owner_hierarchical_implementation="hierarchical_implementations/mcu_2/mcu_2.xml">
			<instance:ports>
				<instance:port 
					name="in" 
					description="" 
					label="in" 
					automatically_created="false" 
					type="std::string" 
					direction="Input" 
					alignment="Right" 
					data_access="false" 
					gui_index="0" 
					instance_port_type="std::string" 
					value="&lt;empty&gt;" 
					time_tag="&lt;empty&gt;" 
					owner_instance="write_file" 
					channel="UART1_TX_out" 
			asynchronous="false">
				</instance:port>
			</instance:ports>
			<instance:parameter_values>
				<instance:parameter_value 
					name="file_path" 
					description="" 
					label="file_path" 
					automatically_created="false" 
					type="std::string" 
					value="&quot;/home/zarine_g/openssl_proximus/output.txt&quot;" 
					parameter="file_path" 
					instance="write_file">
				</instance:parameter_value>
			</instance:parameter_values>
		</hierarchical_implementation:instance>
		<hierarchical_implementation:instance 
			name="read_in_data" 
			description="This module reads input data from file." 
			label="read data" 
			automatically_created="false" 
			x_coordinate="1256.22" 
			y_coordinate="167.144" 
			width="157.516" 
			height="55.2936" 
			color="" 
			image_path="" 
			owner_interface="interfaces/read_input_data/read_input_data.xml" 
			owner_hierarchical_implementation="hierarchical_implementations/mcu_2/mcu_2.xml">
			<instance:ports>
				<instance:port 
					name="out" 
					description="" 
					label="out" 
					automatically_created="false" 
					type="proximus::hw_ip::vector&lt;char, SIZE&gt;" 
					direction="Output" 
					alignment="Left" 
					data_access="false" 
					gui_index="0" 
					instance_port_type="proximus::hw_ip::vector&lt;char, SIZE&gt;" 
					value="&lt;empty&gt;" 
					time_tag="&lt;empty&gt;" 
					owner_instance="read_in_data" 
					channel="read_enc_data_out" 
			asynchronous="false">
				</instance:port>
			</instance:ports>
			<instance:parameter_values>
				<instance:parameter_value 
					name="file_path" 
					description="" 
					label="file_path" 
					automatically_created="false" 
					type="std::string" 
					value="&quot;/home/zarine_g/thesis_project/input_data.json&quot;" 
					parameter="file_path" 
					instance="read_in_data">
				</instance:parameter_value>
			</instance:parameter_values>
		</hierarchical_implementation:instance>
		<hierarchical_implementation:instance 
			name="write_out_data" 
			description="" 
			label="write data" 
			automatically_created="false" 
			x_coordinate="1257.36" 
			y_coordinate="228.446" 
			width="157.516" 
			height="55.2936" 
			color="" 
			image_path="" 
			owner_interface="interfaces/write_output_data/write_output_data.xml" 
			owner_hierarchical_implementation="hierarchical_implementations/mcu_2/mcu_2.xml">
			<instance:ports>
				<instance:port 
					name="in" 
					description="" 
					label="in" 
					automatically_created="false" 
					type="proximus::hw_ip::vector&lt;char, SIZE&gt;" 
					direction="Input" 
					alignment="Left" 
					data_access="false" 
					gui_index="0" 
					instance_port_type="proximus::hw_ip::vector&lt;char, SIZE&gt;" 
					value="&lt;empty&gt;" 
					time_tag="&lt;empty&gt;" 
					owner_instance="write_out_data" 
					channel="UART2_TX" 
			asynchronous="false">
				</instance:port>
			</instance:ports>
			<instance:parameter_values>
				<instance:parameter_value 
					name="file_path" 
					description="" 
					label="file_path" 
					automatically_created="false" 
					type="std::string" 
					value="&quot;/home/zarine_g/thesis_project/output_data.txt&quot;" 
					parameter="file_path" 
					instance="write_out_data">
				</instance:parameter_value>
			</instance:parameter_values>
		</hierarchical_implementation:instance>
	</hierarchical_implementation:instances>
	<hierarchical_implementation:for_loops>
	</hierarchical_implementation:for_loops>
	<hierarchical_implementation:map_reduces>
	</hierarchical_implementation:map_reduces>
</proximus:hierarchical_implementation>
