<?xml version="1.0"?>
<proximus:interfaces xmlns:proximus="http://proximusda.com/html">
	<load_file path="interfaces/enc_dec/enc_dec.xml"/>
	<load_file path="interfaces/UART1/UART1.xml"/>
	<load_file path="interfaces/UART2/UART2.xml"/>
	<load_file path="interfaces/MCU/MCU.xml"/>
	<load_file path="interfaces/check_key/check_key.xml"/>
	<load_file path="interfaces/check_out/check_out.xml"/>
	<load_file path="interfaces/parse_data/parse_data.xml"/>
	<load_file path="interfaces/NVM/NVM.xml"/>
	<load_file path="interfaces/mcu_2/mcu_2.xml"/>
	<load_file path="interfaces/read_file/read_file.xml"/>
	<load_file path="interfaces/write_file/write_file.xml"/>
	<load_file path="interfaces/read_input_data/read_input_data.xml"/>
	<load_file path="interfaces/write_output_data/write_output_data.xml"/>
</proximus:interfaces>
