<?xml version="1.0"?>
<proximus:hierarchical_implementation xmlns:proximus="http://proximusda.com/html" xmlns:hierarchical_implementation="hierarchical_implementation" xmlns:instance="instance" xmlns:for_loop="for_loop" xmlns:map_reduce="map_reduce" 
	name="MCU" 
	description="" 
	label="MCU" 
	automatically_created="false" 
	owner_project="verifiable_chain.xml" 
	interface="interfaces/MCU/MCU.xml" 
	generate_fire="false" 
	generate_initialize="false" 
	generate_globals="false" 
	generate_member_variables="false" 
	generate_member_functions="false" 
	generate_includes="false" 
	c_flags="" 
	l_flags="" 
	generate_finalize="false" 
	generate_hierarchy="">
	<hierarchical_implementation:fire><![CDATA[
	]]></hierarchical_implementation:fire>
	<hierarchical_implementation:initialize><![CDATA[
	]]></hierarchical_implementation:initialize>
	<hierarchical_implementation:elaborate><![CDATA[
	]]></hierarchical_implementation:elaborate>
	<hierarchical_implementation:globals><![CDATA[
	]]></hierarchical_implementation:globals>
	<hierarchical_implementation:member_variables><![CDATA[
	]]></hierarchical_implementation:member_variables>
	<hierarchical_implementation:member_functions><![CDATA[
	]]></hierarchical_implementation:member_functions>
	<hierarchical_implementation:includes><![CDATA[
	]]></hierarchical_implementation:includes>
	<hierarchical_implementation:finalize><![CDATA[
	]]></hierarchical_implementation:finalize>
	<hierarchical_implementation:sources>
	</hierarchical_implementation:sources>
	<hierarchical_implementation:state_variables>
	</hierarchical_implementation:state_variables>
	<hierarchical_implementation:channels>
		<hierarchical_implementation:channel 
			name="check_out_out" 
			description="" 
			label="check_out_out" 
			automatically_created="false" 
			error="" 
			source="out" 
			channel_depth="1" 
			owner_hierarchical_implementation="hierarchical_implementations/MCU/MCU.xml">
		</hierarchical_implementation:channel>
		<hierarchical_implementation:channel 
			name="parse_data_read_from_addres" 
			description="" 
			label="parse_data_read_from_addres" 
			automatically_created="false" 
			error="" 
			source="read_from_address" 
			channel_depth="1" 
			owner_hierarchical_implementation="hierarchical_implementations/MCU/MCU.xml">
		</hierarchical_implementation:channel>
		<hierarchical_implementation:channel 
			name="uart2_rx" 
			description="" 
			label="uart2_rx" 
			automatically_created="false" 
			error="" 
			source="uart2_rx" 
			channel_depth="1" 
			owner_hierarchical_implementation="hierarchical_implementations/MCU/MCU.xml">
		</hierarchical_implementation:channel>
		<hierarchical_implementation:channel 
			name="check_key_confirm" 
			description="" 
			label="check_key_confirm" 
			automatically_created="false" 
			error="" 
			source="confirm" 
			channel_depth="1" 
			owner_hierarchical_implementation="hierarchical_implementations/MCU/MCU.xml">
		</hierarchical_implementation:channel>
		<hierarchical_implementation:channel 
			name="uart1_rx" 
			description="" 
			label="uart1_rx" 
			automatically_created="false" 
			error="" 
			source="uart1_rx" 
			channel_depth="1" 
			owner_hierarchical_implementation="hierarchical_implementations/MCU/MCU.xml">
		</hierarchical_implementation:channel>
		<hierarchical_implementation:channel 
			name="check_key_write_in_address" 
			description="" 
			label="check_key_write_in_address" 
			automatically_created="false" 
			error="" 
			source="write_in_address" 
			channel_depth="1" 
			owner_hierarchical_implementation="hierarchical_implementations/MCU/MCU.xml">
		</hierarchical_implementation:channel>
		<hierarchical_implementation:channel 
			name="check_key_write_key" 
			description="" 
			label="check_key_write_key" 
			automatically_created="false" 
			error="" 
			source="write_key" 
			channel_depth="1" 
			owner_hierarchical_implementation="hierarchical_implementations/MCU/MCU.xml">
		</hierarchical_implementation:channel>
		<hierarchical_implementation:channel 
			name="enc_dec_error" 
			description="" 
			label="enc_dec_error" 
			automatically_created="false" 
			error="" 
			source="error" 
			channel_depth="1" 
			owner_hierarchical_implementation="hierarchical_implementations/MCU/MCU.xml">
		</hierarchical_implementation:channel>
		<hierarchical_implementation:channel 
			name="enc_dec_out_data" 
			description="" 
			label="enc_dec_out_data" 
			automatically_created="false" 
			error="" 
			source="out_data" 
			channel_depth="1" 
			owner_hierarchical_implementation="hierarchical_implementations/MCU/MCU.xml">
		</hierarchical_implementation:channel>
		<hierarchical_implementation:channel 
			name="parse_data_send_in_data" 
			description="" 
			label="parse_data_send_in_data" 
			automatically_created="false" 
			error="" 
			source="send_in_data" 
			channel_depth="1" 
			owner_hierarchical_implementation="hierarchical_implementations/MCU/MCU.xml">
		</hierarchical_implementation:channel>
		<hierarchical_implementation:channel 
			name="confirm_key" 
			description="" 
			label="confirm_key" 
			automatically_created="false" 
			error="" 
			source="confirm_key" 
			channel_depth="1" 
			owner_hierarchical_implementation="hierarchical_implementations/MCU/MCU.xml">
		</hierarchical_implementation:channel>
		<hierarchical_implementation:channel 
			name="read_key" 
			description="" 
			label="read_key" 
			automatically_created="false" 
			error="" 
			source="read_key" 
			channel_depth="1" 
			owner_hierarchical_implementation="hierarchical_implementations/MCU/MCU.xml">
		</hierarchical_implementation:channel>
	</hierarchical_implementation:channels>
	<hierarchical_implementation:ports>
		<hierarchical_implementation:port 
			name="uart1_rx" 
			description="" 
			label="uart1_rx" 
			automatically_created="false" 
			type="proximus::hw_ip::vector&lt;char, SIZE&gt;" 
			direction="Input" 
			alignment="Right" 
			data_access="false" 
			x_coordinate="20.8568" 
			y_coordinate="184.146" 
			width="122.509" 
			height="46.3411" 
			color="" 
			image_path="" 
			owner_implementation="hierarchical_implementations/MCU/MCU.xml" 
			channel="uart1_rx" 
			interface_port="uart1_rx">
		</hierarchical_implementation:port>
		<hierarchical_implementation:port 
			name="uart2_rx" 
			description="" 
			label="uart2_rx" 
			automatically_created="false" 
			type="proximus::hw_ip::vector&lt;char, SIZE&gt;" 
			direction="Input" 
			alignment="Left" 
			data_access="false" 
			x_coordinate="1192.31" 
			y_coordinate="524.187" 
			width="142.63" 
			height="45.8143" 
			color="" 
			image_path="" 
			owner_implementation="hierarchical_implementations/MCU/MCU.xml" 
			channel="uart2_rx" 
			interface_port="uart2_rx">
		</hierarchical_implementation:port>
		<hierarchical_implementation:port 
			name="uart1_tx_out" 
			description="" 
			label="uart1_tx_out" 
			automatically_created="false" 
			type="std::string" 
			direction="Output" 
			alignment="Right" 
			data_access="false" 
			x_coordinate="20" 
			y_coordinate="242.92" 
			width="122.509" 
			height="46.3411" 
			color="" 
			image_path="" 
			owner_implementation="hierarchical_implementations/MCU/MCU.xml" 
			channel="check_key_confirm" 
			interface_port="uart1_tx_out">
		</hierarchical_implementation:port>
		<hierarchical_implementation:port 
			name="uart2_tx_out" 
			description="" 
			label="uart2_tx_out" 
			automatically_created="false" 
			type="proximus::hw_ip::vector&lt;char, SIZE&gt;" 
			direction="Output" 
			alignment="Left" 
			data_access="false" 
			x_coordinate="1187.91" 
			y_coordinate="426.313" 
			width="142.63" 
			height="45.8143" 
			color="" 
			image_path="" 
			owner_implementation="hierarchical_implementations/MCU/MCU.xml" 
			channel="check_out_out" 
			interface_port="uart2_tx_out">
		</hierarchical_implementation:port>
		<hierarchical_implementation:port 
			name="read_key" 
			description="" 
			label="read_key" 
			automatically_created="false" 
			type="proximus::hw_ip::vector&lt;char, SIZE&gt;" 
			direction="Input" 
			alignment="Top" 
			data_access="false" 
			x_coordinate="602.689" 
			y_coordinate="635.04" 
			width="132.099" 
			height="52.3206" 
			color="" 
			image_path="" 
			owner_implementation="hierarchical_implementations/MCU/MCU.xml" 
			channel="read_key" 
			interface_port="read_key">
		</hierarchical_implementation:port>
		<hierarchical_implementation:port 
			name="key" 
			description="" 
			label="key" 
			automatically_created="false" 
			type="proximus::hw_ip::vector&lt;char, SIZE&gt;" 
			direction="Output" 
			alignment="Top" 
			data_access="false" 
			x_coordinate="299.565" 
			y_coordinate="552.751" 
			width="112.899" 
			height="41.1004" 
			color="" 
			image_path="" 
			owner_implementation="hierarchical_implementations/MCU/MCU.xml" 
			channel="check_key_write_key" 
			interface_port="key">
		</hierarchical_implementation:port>
		<hierarchical_implementation:port 
			name="write_in_address" 
			description="" 
			label="write_in_address" 
			automatically_created="false" 
			type="int" 
			direction="Output" 
			alignment="Top" 
			data_access="false" 
			x_coordinate="209.702" 
			y_coordinate="452.101" 
			width="162.598" 
			height="48.4813" 
			color="" 
			image_path="" 
			owner_implementation="hierarchical_implementations/MCU/MCU.xml" 
			channel="check_key_write_in_address" 
			interface_port="write_in_address">
		</hierarchical_implementation:port>
		<hierarchical_implementation:port 
			name="read_from_address" 
			description="" 
			label="read_from_address" 
			automatically_created="false" 
			type="int" 
			direction="Output" 
			alignment="Top" 
			data_access="false" 
			x_coordinate="688.529" 
			y_coordinate="702.581" 
			width="162.598" 
			height="60.473" 
			color="" 
			image_path="" 
			owner_implementation="hierarchical_implementations/MCU/MCU.xml" 
			channel="parse_data_read_from_addres" 
			interface_port="read_from_address">
		</hierarchical_implementation:port>
		<hierarchical_implementation:port 
			name="confirm_key" 
			description="" 
			label="confirm_key" 
			automatically_created="false" 
			type="proximus::hw_ip::vector&lt;char, SIZE&gt;" 
			direction="Input" 
			alignment="Top" 
			data_access="false" 
			x_coordinate="355.41" 
			y_coordinate="635.43" 
			width="151.218" 
			height="48.8541" 
			color="" 
			image_path="" 
			owner_implementation="hierarchical_implementations/MCU/MCU.xml" 
			channel="confirm_key" 
			interface_port="confirm_key">
		</hierarchical_implementation:port>
	</hierarchical_implementation:ports>
	<hierarchical_implementation:instances>
		<hierarchical_implementation:instance 
			name="check_key" 
			description="" 
			label="Check Key" 
			automatically_created="false" 
			x_coordinate="226.412" 
			y_coordinate="147.932" 
			width="190.017" 
			height="176.741" 
			color="" 
			image_path="" 
			owner_interface="interfaces/check_key/check_key.xml" 
			owner_hierarchical_implementation="hierarchical_implementations/MCU/MCU.xml">
			<instance:ports>
				<instance:port 
					name="key" 
					description="" 
					label="key" 
					automatically_created="false" 
					type="proximus::hw_ip::vector&lt;char, SIZE&gt;" 
					direction="Input" 
					alignment="Left" 
					data_access="false" 
					gui_index="0" 
					instance_port_type="proximus::hw_ip::vector&lt;char, SIZE&gt;" 
					value="&lt;empty&gt;" 
					time_tag="&lt;empty&gt;" 
					owner_instance="check_key" 
					channel="uart1_rx" 
			asynchronous="false">
				</instance:port>
				<instance:port 
					name="confirm" 
					description="" 
					label="confirm" 
					automatically_created="false" 
					type="std::string" 
					direction="Output" 
					alignment="Left" 
					data_access="false" 
					gui_index="1" 
					instance_port_type="std::string" 
					value="&lt;empty&gt;" 
					time_tag="&lt;empty&gt;" 
					owner_instance="check_key" 
					channel="check_key_confirm" 
			asynchronous="false">
				</instance:port>
				<instance:port 
					name="write_in_address" 
					description="" 
					label="write_in_address" 
					automatically_created="false" 
					type="int" 
					direction="Output" 
					alignment="Bottom" 
					data_access="false" 
					gui_index="0" 
					instance_port_type="int" 
					value="&lt;empty&gt;" 
					time_tag="&lt;empty&gt;" 
					owner_instance="check_key" 
					channel="check_key_write_in_address" 
			asynchronous="false">
				</instance:port>
				<instance:port 
					name="write_key" 
					description="" 
					label="write_key" 
					automatically_created="false" 
					type="proximus::hw_ip::vector&lt;char, SIZE&gt;" 
					direction="Output" 
					alignment="Bottom" 
					data_access="false" 
					gui_index="0" 
					instance_port_type="proximus::hw_ip::vector&lt;char, SIZE&gt;" 
					value="&lt;empty&gt;" 
					time_tag="&lt;empty&gt;" 
					owner_instance="check_key" 
					channel="check_key_write_key" 
			asynchronous="false">
				</instance:port>
				<instance:port 
					name="read_key" 
					description="" 
					label="read_key" 
					automatically_created="false" 
					type="proximus::hw_ip::vector&lt;char, SIZE&gt;" 
					direction="Input" 
					alignment="Right" 
					data_access="false" 
					gui_index="1" 
					instance_port_type="proximus::hw_ip::vector&lt;char, SIZE&gt;" 
					value="&lt;empty&gt;" 
					time_tag="&lt;empty&gt;" 
					owner_instance="check_key" 
					channel="confirm_key" 
			asynchronous="false">
				</instance:port>
			</instance:ports>
			<instance:parameter_values>
			</instance:parameter_values>
		</hierarchical_implementation:instance>
		<hierarchical_implementation:instance 
			name="check_out" 
			description="" 
			label="Check Out" 
			automatically_created="false" 
			x_coordinate="968.948" 
			y_coordinate="132.132" 
			width="190.017" 
			height="176.741" 
			color="" 
			image_path="" 
			owner_interface="interfaces/check_out/check_out.xml" 
			owner_hierarchical_implementation="hierarchical_implementations/MCU/MCU.xml">
			<instance:ports>
				<instance:port 
					name="out" 
					description="" 
					label="out" 
					automatically_created="false" 
					type="proximus::hw_ip::vector&lt;char, SIZE&gt;" 
					direction="Output" 
					alignment="Right" 
					data_access="false" 
					gui_index="0" 
					instance_port_type="proximus::hw_ip::vector&lt;char, SIZE&gt;" 
					value="&lt;empty&gt;" 
					time_tag="&lt;empty&gt;" 
					owner_instance="check_out" 
					channel="check_out_out" 
			asynchronous="false">
				</instance:port>
				<instance:port 
					name="error" 
					description="" 
					label="error" 
					automatically_created="false" 
					type="int" 
					direction="Input" 
					alignment="Left" 
					data_access="false" 
					gui_index="1" 
					instance_port_type="int" 
					value="&lt;empty&gt;" 
					time_tag="&lt;empty&gt;" 
					owner_instance="check_out" 
					channel="enc_dec_error" 
			asynchronous="false">
				</instance:port>
				<instance:port 
					name="data" 
					description="" 
					label="data" 
					automatically_created="false" 
					type="proximus::hw_ip::vector&lt;char, SIZE&gt;" 
					direction="Input" 
					alignment="Left" 
					data_access="false" 
					gui_index="0" 
					instance_port_type="proximus::hw_ip::vector&lt;char, SIZE&gt;" 
					value="&lt;empty&gt;" 
					time_tag="&lt;empty&gt;" 
					owner_instance="check_out" 
					channel="enc_dec_out_data" 
			asynchronous="false">
				</instance:port>
			</instance:ports>
			<instance:parameter_values>
			</instance:parameter_values>
		</hierarchical_implementation:instance>
		<hierarchical_implementation:instance 
			name="enc_dec" 
			description="" 
			label="Encryption/Decryption" 
			automatically_created="false" 
			x_coordinate="569.157" 
			y_coordinate="80.7141" 
			width="299.493" 
			height="251.966" 
			color="" 
			image_path="" 
			owner_interface="interfaces/enc_dec/enc_dec.xml" 
			owner_hierarchical_implementation="hierarchical_implementations/MCU/MCU.xml">
			<instance:ports>
				<instance:port 
					name="in_data" 
					description="" 
					label="in_data" 
					automatically_created="false" 
					type="proximus::hw_ip::vector&lt;char, SIZE&gt;" 
					direction="Input" 
					alignment="Bottom" 
					data_access="false" 
					gui_index="1" 
					instance_port_type="proximus::hw_ip::vector&lt;char, SIZE&gt;" 
					value="&lt;empty&gt;" 
					time_tag="&lt;empty&gt;" 
					owner_instance="enc_dec" 
					channel="parse_data_send_in_data" 
			asynchronous="false">
				</instance:port>
				<instance:port 
					name="error" 
					description="" 
					label="error" 
					automatically_created="false" 
					type="int" 
					direction="Output" 
					alignment="Right" 
					data_access="false" 
					gui_index="1" 
					instance_port_type="int" 
					value="&lt;empty&gt;" 
					time_tag="&lt;empty&gt;" 
					owner_instance="enc_dec" 
					channel="enc_dec_error" 
			asynchronous="false">
				</instance:port>
				<instance:port 
					name="out_data" 
					description="" 
					label="out_data" 
					automatically_created="false" 
					type="proximus::hw_ip::vector&lt;char, SIZE&gt;" 
					direction="Output" 
					alignment="Right" 
					data_access="false" 
					gui_index="0" 
					instance_port_type="proximus::hw_ip::vector&lt;char, SIZE&gt;" 
					value="&lt;empty&gt;" 
					time_tag="&lt;empty&gt;" 
					owner_instance="enc_dec" 
					channel="enc_dec_out_data" 
			asynchronous="false">
				</instance:port>
				<instance:port 
					name="key" 
					description="" 
					label="key" 
					automatically_created="false" 
					type="proximus::hw_ip::vector&lt;char, SIZE&gt;" 
					direction="Input" 
					alignment="Bottom" 
					data_access="false" 
					gui_index="0" 
					instance_port_type="proximus::hw_ip::vector&lt;char, SIZE&gt;" 
					value="&lt;empty&gt;" 
					time_tag="&lt;empty&gt;" 
					owner_instance="enc_dec" 
					channel="read_key" 
			asynchronous="false">
				</instance:port>
			</instance:ports>
			<instance:parameter_values>
			</instance:parameter_values>
		</hierarchical_implementation:instance>
		<hierarchical_implementation:instance 
			name="parse_data" 
			description="" 
			label="Parse Data" 
			automatically_created="false" 
			x_coordinate="683.907" 
			y_coordinate="485.033" 
			width="172.456" 
			height="125.028" 
			color="" 
			image_path="" 
			owner_interface="interfaces/parse_data/parse_data.xml" 
			owner_hierarchical_implementation="hierarchical_implementations/MCU/MCU.xml">
			<instance:ports>
				<instance:port 
					name="in_data" 
					description="" 
					label="in_data" 
					automatically_created="false" 
					type="proximus::hw_ip::vector&lt;char, SIZE&gt;" 
					direction="Input" 
					alignment="Right" 
					data_access="false" 
					gui_index="0" 
					instance_port_type="proximus::hw_ip::vector&lt;char, SIZE&gt;" 
					value="&lt;empty&gt;" 
					time_tag="&lt;empty&gt;" 
					owner_instance="parse_data" 
					channel="uart2_rx" 
			asynchronous="false">
				</instance:port>
				<instance:port 
					name="read_from_address" 
					description="" 
					label="read_from_addres" 
					automatically_created="false" 
					type="int" 
					direction="Output" 
					alignment="Bottom" 
					data_access="false" 
					gui_index="0" 
					instance_port_type="int" 
					value="&lt;empty&gt;" 
					time_tag="&lt;empty&gt;" 
					owner_instance="parse_data" 
					channel="parse_data_read_from_addres" 
			asynchronous="false">
				</instance:port>
				<instance:port 
					name="send_in_data" 
					description="" 
					label="send_in_data" 
					automatically_created="false" 
					type="proximus::hw_ip::vector&lt;char, SIZE&gt;" 
					direction="Output" 
					alignment="Top" 
					data_access="false" 
					gui_index="0" 
					instance_port_type="proximus::hw_ip::vector&lt;char, SIZE&gt;" 
					value="&lt;empty&gt;" 
					time_tag="&lt;empty&gt;" 
					owner_instance="parse_data" 
					channel="parse_data_send_in_data" 
			asynchronous="false">
				</instance:port>
			</instance:ports>
			<instance:parameter_values>
			</instance:parameter_values>
		</hierarchical_implementation:instance>
	</hierarchical_implementation:instances>
	<hierarchical_implementation:for_loops>
	</hierarchical_implementation:for_loops>
	<hierarchical_implementation:map_reduces>
	</hierarchical_implementation:map_reduces>
</proximus:hierarchical_implementation>
