<?xml version="1.0"?>
<proximus:cpp_implementation xmlns:proximus="http://proximusda.com/html" xmlns:cpp_implementation="cpp_implementation" 
	name="uart1" 
	description="" 
	label="uart1" 
	automatically_created="false" 
	owner_project="verifiable_chain.xml" 
	interface="interfaces/UART1/UART1.xml" 
	generate_fire="false" 
	generate_initialize="false" 
	generate_globals="false" 
	generate_member_variables="false" 
	generate_member_functions="false" 
	generate_includes="false" 
	c_flags="" 
	l_flags="" 
	generate_finalize="false">
	<cpp_implementation:fire><![CDATA[
// --------- MCU ----------------------
std::cout << "------  UART1 -----" << std::endl;
proximus::hw_ip::vector<char, SIZE>  key;
std::string  confirmation;
blocking_pop(input.RX, key);


//wait(input.RX);
//key = *input.RX;
//pop(input.RX);  // make input buffer empty
//std::cout << "UART1 input RX "<< std::endl << key << std::endl;

//blocking_pop(key, input.RX);
/*char[8] block;

for(int i=0; i < 16; i++) {        
}*/ 

//wait(output.RX_out);
//*output.RX_out = key;
//push(output.RX_out); //send key to MCU


blocking_push(output.RX_out, key);

blocking_pop(input.TX, confirmation); 

std::cout<<"UART1 confirmation "<<confirmation<<std::endl;
blocking_push(output.TX_out, "Successful");
std::cout << "------  UART1 finished -----" << std::endl;

	]]></cpp_implementation:fire>
	<cpp_implementation:initialize><![CDATA[
	]]></cpp_implementation:initialize>
	<cpp_implementation:elaborate><![CDATA[
	]]></cpp_implementation:elaborate>
	<cpp_implementation:globals><![CDATA[
	]]></cpp_implementation:globals>
	<cpp_implementation:member_variables><![CDATA[
	]]></cpp_implementation:member_variables>
	<cpp_implementation:member_functions><![CDATA[
	]]></cpp_implementation:member_functions>
	<cpp_implementation:includes><![CDATA[
	]]></cpp_implementation:includes>
	<cpp_implementation:finalize><![CDATA[
	]]></cpp_implementation:finalize>
	<cpp_implementation:sources>
	</cpp_implementation:sources>
	<cpp_implementation:state_variables>
	</cpp_implementation:state_variables>
</proximus:cpp_implementation>
