<?xml version="1.0"?>
<proximus:cpp_implementation xmlns:proximus="http://proximusda.com/html" xmlns:cpp_implementation="cpp_implementation" 
	name="receive_key" 
	description="This module receives public or private keys and sends to the MCU through the UART module." 
	label="receive_key" 
	automatically_created="false" 
	owner_project="verifiable_chain.xml" 
	interface="interfaces/read_file/read_file.xml" 
	generate_fire="false" 
	generate_initialize="false" 
	generate_globals="false" 
	generate_member_variables="false" 
	generate_member_functions="false" 
	generate_includes="false" 
	c_flags="" 
	l_flags="" 
	generate_finalize="false">
	<cpp_implementation:fire><![CDATA[
std::cout << "------  read file -----" << std::endl;
std::ifstream inputFile(parameter.file_path);

    // Check if the file is successfully opened
    if (!inputFile.is_open()) {
       std::cerr << "Error0:OpenFile: Read File: Failed to open file!" << std::endl;
    }

    std::string line; 
    proximus::hw_ip::vector<char,SIZE> data;

    while (getline(inputFile, line)) {
         for(int i=0; i < line.length(); i++) {
            //std::cout << "line = " << line[i] << std::endl;
             data.push_back(line[i]);
         } 
    }

    blocking_push(output.out, data);
    inputFile.close();
    std::cout << "------  read_file finihsed ------" << std::endl;
    set_finished();
	]]></cpp_implementation:fire>
	<cpp_implementation:initialize><![CDATA[
	]]></cpp_implementation:initialize>
	<cpp_implementation:elaborate><![CDATA[
	]]></cpp_implementation:elaborate>
	<cpp_implementation:globals><![CDATA[
	]]></cpp_implementation:globals>
	<cpp_implementation:member_variables><![CDATA[
	]]></cpp_implementation:member_variables>
	<cpp_implementation:member_functions><![CDATA[
	]]></cpp_implementation:member_functions>
	<cpp_implementation:includes><![CDATA[
#include <iostream>
#include <fstream>
	]]></cpp_implementation:includes>
	<cpp_implementation:finalize><![CDATA[
	]]></cpp_implementation:finalize>
	<cpp_implementation:sources>
	</cpp_implementation:sources>
	<cpp_implementation:state_variables>
	</cpp_implementation:state_variables>
</proximus:cpp_implementation>
