<?xml version="1.0"?>
<proximus:interface xmlns:proximus="http://proximusda.com/html" xmlns:interface="interface" 
	name="MCU" 
	description="" 
	label="MCU" 
	automatically_created="false" 
	owner_project="verifiable_chain.xml" 
	generate_ports="" 
	includes="" 
	c_flags="" 
	l_flags="" 
	default_implementation="cpp_implementations/mcu/mcu.xml" 
	type="Non Canonical" 
	image_path="">
	<interface:parameters>
	</interface:parameters>
	<interface:ports>
		<interface:port 
			name="uart1_rx" 
			description="" 
			label="uart1_rx" 
			automatically_created="false" 
		type="proximus::hw_ip::vector&lt;char, SIZE&gt;" 
		direction="Input" 
		alignment="Bottom" 
		data_access="false" 
			asynchronous="false" 
			owner_interface="interfaces/MCU/MCU.xml">
		</interface:port>
		<interface:port 
			name="uart2_rx" 
			description="" 
			label="uart2_rx" 
			automatically_created="false" 
		type="proximus::hw_ip::vector&lt;char, SIZE&gt;" 
		direction="Input" 
		alignment="Bottom" 
		data_access="false" 
			asynchronous="false" 
			owner_interface="interfaces/MCU/MCU.xml">
		</interface:port>
		<interface:port 
			name="uart1_tx_out" 
			description="" 
			label="uart1_tx_out" 
			automatically_created="false" 
		type="std::string" 
		direction="Output" 
		alignment="Top" 
		data_access="false" 
			asynchronous="false" 
			owner_interface="interfaces/MCU/MCU.xml">
		</interface:port>
		<interface:port 
			name="uart2_tx_out" 
			description="" 
			label="uart2_tx_out" 
			automatically_created="false" 
		type="proximus::hw_ip::vector&lt;char, SIZE&gt;" 
		direction="Output" 
		alignment="Top" 
		data_access="false" 
			asynchronous="false" 
			owner_interface="interfaces/MCU/MCU.xml">
		</interface:port>
		<interface:port 
			name="read_key" 
			description="" 
			label="read_key" 
			automatically_created="false" 
		type="proximus::hw_ip::vector&lt;char, SIZE&gt;" 
		direction="Input" 
		alignment="Bottom" 
		data_access="false" 
			asynchronous="false" 
			owner_interface="interfaces/MCU/MCU.xml">
		</interface:port>
		<interface:port 
			name="key" 
			description="" 
			label="key" 
			automatically_created="false" 
		type="proximus::hw_ip::vector&lt;char, SIZE&gt;" 
		direction="Output" 
		alignment="Top" 
		data_access="false" 
			asynchronous="false" 
			owner_interface="interfaces/MCU/MCU.xml">
		</interface:port>
		<interface:port 
			name="write_in_address" 
			description="" 
			label="write_in_address" 
			automatically_created="false" 
		type="int" 
		direction="Output" 
		alignment="Top" 
		data_access="false" 
			asynchronous="false" 
			owner_interface="interfaces/MCU/MCU.xml">
		</interface:port>
		<interface:port 
			name="read_from_address" 
			description="" 
			label="read_from_address" 
			automatically_created="false" 
		type="int" 
		direction="Output" 
		alignment="Top" 
		data_access="false" 
			asynchronous="false" 
			owner_interface="interfaces/MCU/MCU.xml">
		</interface:port>
		<interface:port 
			name="confirm_key" 
			description="" 
			label="confirm_key" 
			automatically_created="false" 
		type="proximus::hw_ip::vector&lt;char, SIZE&gt;" 
		direction="Input" 
		alignment="Bottom" 
		data_access="false" 
			asynchronous="false" 
			owner_interface="interfaces/MCU/MCU.xml">
		</interface:port>
	</interface:ports>
	<interface:implementations>
		<load_file path="cpp_implementations/mcu/mcu.xml"/>
		<load_file path="hierarchical_implementations/MCU/MCU.xml"/>
	</interface:implementations>
	<interface:real_designs>
	</interface:real_designs>
	<interface:sources>
	</interface:sources>
</proximus:interface>
