<?xml version="1.0"?>
<proximus:cpp_implementation xmlns:proximus="http://proximusda.com/html" xmlns:cpp_implementation="cpp_implementation" 
	name="parse_data" 
	description="" 
	label="parse_data" 
	automatically_created="false" 
	owner_project="verifiable_chain.xml" 
	interface="interfaces/parse_data/parse_data.xml" 
	generate_fire="false" 
	generate_initialize="false" 
	generate_globals="false" 
	generate_member_variables="false" 
	generate_member_functions="false" 
	generate_includes="false" 
	c_flags="" 
	l_flags="" 
	generate_finalize="false">
	<cpp_implementation:fire><![CDATA[
std::cout << "------  Parse Data  -----" << std::endl;

proximus::hw_ip::vector<char, SIZE>  data;
int address = 0;

/*data.push_back("H");
data.push_back("e");
data.push_back("l");
data.push_back("l");
data.push_back("o");*/

blocking_pop(input.in_data, data);
//std::cout<<"Parse Data: "<<data<<std::endl;

blocking_push(output.read_from_address, address);
blocking_push(output.send_in_data, data);

std::cout << "------  Parse Data Finished  -----" << std::endl;
	]]></cpp_implementation:fire>
	<cpp_implementation:initialize><![CDATA[
	]]></cpp_implementation:initialize>
	<cpp_implementation:elaborate><![CDATA[
	]]></cpp_implementation:elaborate>
	<cpp_implementation:globals><![CDATA[
	]]></cpp_implementation:globals>
	<cpp_implementation:member_variables><![CDATA[
	]]></cpp_implementation:member_variables>
	<cpp_implementation:member_functions><![CDATA[
	]]></cpp_implementation:member_functions>
	<cpp_implementation:includes><![CDATA[
	]]></cpp_implementation:includes>
	<cpp_implementation:finalize><![CDATA[
	]]></cpp_implementation:finalize>
	<cpp_implementation:sources>
	</cpp_implementation:sources>
	<cpp_implementation:state_variables>
	</cpp_implementation:state_variables>
</proximus:cpp_implementation>
