<?xml version="1.0"?>
<proximus:interface xmlns:proximus="http://proximusda.com/html" xmlns:interface="interface" 
	name="read_input_data" 
	description="" 
	label="read_enc_data" 
	automatically_created="false" 
	owner_project="verifiable_chain.xml" 
	generate_ports="" 
	includes="" 
	c_flags="" 
	l_flags="" 
	default_implementation="cpp_implementations/read_input_data/read_input_data.xml" 
	type="Non Canonical" 
	image_path="">
	<interface:parameters>
		<interface:parameter 
			name="file_path" 
			description="" 
			label="file_path" 
			automatically_created="false" 
			type="std::string" 
			default_value="&quot;/home/zarine_g/thesis_project/input_data.json&quot;" 
			owner_interface="interfaces/read_input_data/read_input_data.xml">
		</interface:parameter>
	</interface:parameters>
	<interface:ports>
		<interface:port 
			name="out" 
			description="" 
			label="out" 
			automatically_created="false" 
		type="proximus::hw_ip::vector&lt;char, SIZE&gt;" 
		direction="Output" 
		alignment="Top" 
		data_access="false" 
			asynchronous="false" 
			owner_interface="interfaces/read_input_data/read_input_data.xml">
		</interface:port>
	</interface:ports>
	<interface:implementations>
		<load_file path="cpp_implementations/read_input_data/read_input_data.xml"/>
	</interface:implementations>
	<interface:real_designs>
	</interface:real_designs>
	<interface:sources>
	</interface:sources>
</proximus:interface>
