<?xml version="1.0"?>
<proximus:cpp_implementation xmlns:proximus="http://proximusda.com/html" xmlns:cpp_implementation="cpp_implementation" 
	name="uart2" 
	description="" 
	label="uart2" 
	automatically_created="false" 
	owner_project="verifiable_chain.xml" 
	interface="interfaces/UART2/UART2.xml" 
	generate_fire="false" 
	generate_initialize="false" 
	generate_globals="false" 
	generate_member_variables="false" 
	generate_member_functions="false" 
	generate_includes="false" 
	c_flags="" 
	l_flags="" 
	generate_finalize="false">
	<cpp_implementation:fire><![CDATA[
std::cout << "------  UART2 -----" << std::endl;
proximus::hw_ip::vector<char, SIZE> vec;

vec.resize(SIZE);
        
        blocking_pop(input.RX, vec);
        int length = 0;
        while(vec[length] != '\0') {
                length++;
        }
        char command[length+1];
        for (int i = 0; i < length; i++) {
                 command[i] = vec[i];
        }
        command[length] = '\0';
        std::cout << "command " << command << std::endl;

        blocking_pop(input.RX, vec);
        length = 0;
        while(vec[length] != '\0') {
                length++;
        }
        char key[length+1];
        for (int i = 0; i < length; i++) {
                 key[i] = vec[i];
        }
        key[length] = '\0';
        std::cout << "key = " << key << std::endl;

        
        blocking_pop(input.RX, vec);
        length = 0;
        while(vec[length] != '\0') {
                length++;
        }
        char data[length+1];
        for (int i = 0; i < length; i++) {
                 data[i] = vec[i];
        }
        data[length] = '\0';
        std::cout << "data_start:" << data << "end" << std::endl;

blocking_push(output.rx_out, vec);


//proximus::hw_ip::vector<char,16> tx_out;
blocking_pop(input.uart2_tx, vec);
blocking_push(output.TX, vec);
std::cout << "Encrypted text: " << data << std::endl;
//set_finished();
std::cout << "------  UART2  finished -----" << std::endl;
	]]></cpp_implementation:fire>
	<cpp_implementation:initialize><![CDATA[
	]]></cpp_implementation:initialize>
	<cpp_implementation:elaborate><![CDATA[
	]]></cpp_implementation:elaborate>
	<cpp_implementation:globals><![CDATA[
	]]></cpp_implementation:globals>
	<cpp_implementation:member_variables><![CDATA[
	]]></cpp_implementation:member_variables>
	<cpp_implementation:member_functions><![CDATA[
	]]></cpp_implementation:member_functions>
	<cpp_implementation:includes><![CDATA[
	]]></cpp_implementation:includes>
	<cpp_implementation:finalize><![CDATA[
	]]></cpp_implementation:finalize>
	<cpp_implementation:sources>
	</cpp_implementation:sources>
	<cpp_implementation:state_variables>
	</cpp_implementation:state_variables>
</proximus:cpp_implementation>
