<?xml version="1.0"?>
<proximus:cpp_implementation xmlns:proximus="http://proximusda.com/html" xmlns:cpp_implementation="cpp_implementation" 
	name="enc_dec" 
	description="" 
	label="enc_dec" 
	automatically_created="false" 
	owner_project="verifiable_chain.xml" 
	interface="interfaces/enc_dec/enc_dec.xml" 
	generate_fire="false" 
	generate_initialize="false" 
	generate_globals="false" 
	generate_member_variables="false" 
	generate_member_functions="false" 
	generate_includes="false" 
	c_flags="" 
	l_flags="" 
	generate_finalize="false">
	<cpp_implementation:fire><![CDATA[
std::cout << "------  Encryption/Decryption  -----" << std::endl;
proximus::hw_ip::vector<char, SIZE>  read_key;
proximus::hw_ip::vector<char, SIZE>  in_data;
proximus::hw_ip::vector<char, SIZE>  out_data;
int  error = 0;

blocking_pop(input.key, read_key);
blocking_pop(input.in_data, in_data);

out_data = in_data;
//std::cout<< "Enc/Dec in_data"<<in_data<<std::endl;
//std::cout<< "Enc/Dec out_data"<<out_data<<std::endl;
std::cout<< "Enc/Dec error "<<error<<std::endl;
//std::cout<< "Enc/Dec key "<<read_key<<std::endl;
//std::cout<< "Enc/Dec in_data "<<in_data<<std::endl;
//std::cout<< "Enc/Dec out_data "<<out_data<<std::endl;



//----------------------------------------------------------------------------------------
std::cout<<"Starting ecryption and decryption"<<std::endl;

   // Load public key
    FILE* public_key_file = fopen("/home/zarine_g/openssl_proximus/public2.pem", "rb");
    if (!public_key_file) {
        std::cerr << "Error loading public key file." << std::endl;
    }
    
    RSA* rsa_public_key = PEM_read_RSA_PUBKEY(public_key_file, nullptr, nullptr, nullptr);
    fclose(public_key_file);
    if (!rsa_public_key) {
        std::cerr << "Error loading public key." << std::endl;
    }

    // Load private key
    FILE* private_key_file = fopen("/home/zarine_g/openssl_proximus/private2.pem", "rb");
    if (!private_key_file) {
        std::cerr << "Error loading private key file." << std::endl;
    }
    RSA* rsa_private_key = PEM_read_RSAPrivateKey(private_key_file, nullptr, nullptr, nullptr);
    fclose(private_key_file);
    if (!rsa_private_key) {
        std::cerr << "Error loading private key." << std::endl;
    }
   
        int length = 0;
        while(in_data[length] != '\0') {
                length++;
        }
        char data[length+1];
        for (int i = 0; i < length; i++) {
                 data[i] = in_data[i];
        }
        data[length] = '\0';

    std::string plaintext(data);
//    std::string encrypted(data);
//    std::cout << "start:" << encrypted << "end" << std::endl;
    std::cout << "PlainText: "<<plaintext<<std::endl;

    std::string encrypted = rsa_encrypt(plaintext, rsa_public_key);
    std::cout << "Encrypted:" << encrypted << "Encrypted" << std::endl;

  std::ofstream myfile;
  myfile.open ("/home/zarine_g/thesis_project/output_data.txt");
  myfile << "Encrypted Data: ";
  myfile << "\n ";
  myfile << encrypted.c_str();
  //myfile.close();


    // Decryption
    std::string decrypted = rsa_decrypt(encrypted, rsa_private_key);
    std::cout << "Decrypted: " << decrypted << std::endl;
 //   myfile.open ("/home/zarine_g/thesis_project/output_data.txt");
    myfile << "\nDecrypted Data: ";
    myfile << decrypted.c_str();
    myfile.close();
   
    int DEC_SIZE = decrypted.size();
    char ch[DEC_SIZE];
    for (int i = 0; i < DEC_SIZE; i++) {
        //ch[i] = decrypted[i];
        out_data[i] = decrypted[i];
    }
    ch[DEC_SIZE]='\0';
    out_data[DEC_SIZE]='\0';


    // Free the RSA keys
    RSA_free(rsa_public_key);
    RSA_free(rsa_private_key);


std::cout<<"Finishing ecryption and decryption"<<std::endl;
//----------------------------------------------------------------------------------------

//blocking_push(output.out_data, ch);
blocking_push(output.out_data, out_data);
blocking_push(output.error, error);

set_finished();
std::cout << "------  Encryption/Decryption finished ------" << std::endl;

	]]></cpp_implementation:fire>
	<cpp_implementation:initialize><![CDATA[
	]]></cpp_implementation:initialize>
	<cpp_implementation:elaborate><![CDATA[
	]]></cpp_implementation:elaborate>
	<cpp_implementation:globals><![CDATA[
	]]></cpp_implementation:globals>
	<cpp_implementation:member_variables><![CDATA[
	]]></cpp_implementation:member_variables>
	<cpp_implementation:member_functions><![CDATA[
// Function to encrypt data using RSA public key

std::string rsa_encrypt(const std::string& plaintext, RSA* rsa_public_key) {
    int rsa_len = RSA_size(rsa_public_key);
    unsigned char* ciphertext = new unsigned char[rsa_len];
    int ciphertext_len = RSA_public_encrypt(plaintext.size(), reinterpret_cast<const unsigned char*>(plaintext.c_str()), ciphertext, rsa_public_key, RSA_PKCS1_PADDING);
    std::string encrypted(reinterpret_cast<char*>(ciphertext), ciphertext_len);
    delete[] ciphertext;
    return encrypted;
}


// Function to decrypt data using RSA private key
std::string rsa_decrypt(const std::string& ciphertext, RSA* rsa_private_key) {
    int rsa_len = RSA_size(rsa_private_key);
    unsigned char* plaintext = new unsigned char[rsa_len];
    int plaintext_len = RSA_private_decrypt(ciphertext.size(), reinterpret_cast<const unsigned char*>(ciphertext.c_str()), plaintext, rsa_private_key, RSA_PKCS1_PADDING);
    std::string decrypted(reinterpret_cast<char*>(plaintext), plaintext_len);
    delete[] plaintext;
    return decrypted;
}
	]]></cpp_implementation:member_functions>
	<cpp_implementation:includes><![CDATA[
#include <openssl/rsa.h>
#include <openssl/pem.h>
#include <iostream>
#include <string>
	]]></cpp_implementation:includes>
	<cpp_implementation:finalize><![CDATA[
	]]></cpp_implementation:finalize>
	<cpp_implementation:sources>
	</cpp_implementation:sources>
	<cpp_implementation:state_variables>
	</cpp_implementation:state_variables>
</proximus:cpp_implementation>
