<?xml version="1.0"?>
<proximus:cpp_implementation xmlns:proximus="http://proximusda.com/html" xmlns:cpp_implementation="cpp_implementation" 
	name="check_key" 
	description="" 
	label="check_key" 
	automatically_created="false" 
	owner_project="verifiable_chain.xml" 
	interface="interfaces/check_key/check_key.xml" 
	generate_fire="false" 
	generate_initialize="false" 
	generate_globals="false" 
	generate_member_variables="false" 
	generate_member_functions="false" 
	generate_includes="false" 
	c_flags="" 
	l_flags="" 
	generate_finalize="false">
	<cpp_implementation:fire><![CDATA[
std::cout << "------  Check Key  -----" << std::endl;

proximus::hw_ip::vector<char, SIZE>  key;
blocking_pop(input.key, key);

//For checking key input value is vallid or not.
std::string ss_key;
std::string confirm = "Succeeded";

//std::cout << "CHeck key obtained from UART1 "<< std::endl << key << std::endl;

for (int i=0; i< 40; i++){
    ss_key.push_back((key[i]));
}

    if(ss_key.find("PRIVATE") != std::string::npos){
        std::cout<<"Key is Private "<<std::endl;
        blocking_push(output.write_in_address, 0);
        blocking_push(output.write_key, key);

    } else if (ss_key.find("PUBLIC") != std::string::npos){
        std::cout<<"Key is Public "<<std::endl;
        blocking_push(output.write_in_address, 1);
        blocking_push(output.write_key, key);

    } else {
       std::cerr<<"Error5: InvalidKey: Check Key: Invalid Key has been provided."<<std::endl;
       blocking_push(output.confirm, "Invalid Key has been provided.");
    }


//Confirm if key is written
proximus::hw_ip::vector<char, SIZE>  confirm_key;
blocking_pop(input.read_key, confirm_key);

if(key.size() != confirm_key.size()){
    std::cerr<<"Error3: KeySizeDifferences: Check Key: Keys' sizes were different:. "<<"Keys' sizes: "<<key.size()<<",  "<<confirm_key.size()<<std::endl;
    blocking_push(output.confirm, "User provided Key size was differe with the read Key size.");
} else if (compare_vectors(key, confirm_key)){
    std::cout<<"Key is succesfully written."<<std::endl;
    blocking_push(output.confirm, "Key is succesfully written.");
} else{
    std::cerr<<"Error4:KeysDifferences: Check Key:  Keys were different."<<std::endl;
    blocking_push(output.confirm, "Keys' were different.");
}

std::cout<<"Check Key confrimation: "<<confirm<<std::endl;
std::cout << "------  Check Key finished -----" << std::endl;
//set_finished();

	]]></cpp_implementation:fire>
	<cpp_implementation:initialize><![CDATA[
	]]></cpp_implementation:initialize>
	<cpp_implementation:elaborate><![CDATA[
	]]></cpp_implementation:elaborate>
	<cpp_implementation:globals><![CDATA[
	]]></cpp_implementation:globals>
	<cpp_implementation:member_variables><![CDATA[
	]]></cpp_implementation:member_variables>
	<cpp_implementation:member_functions><![CDATA[
bool compare_vectors(proximus::hw_ip::vector<char, SIZE>  v1, proximus::hw_ip::vector<char, SIZE>  v2) {
  int vector_size = v1.size();
  for (int i = 1; i<vector_size; i++){
     if (v1[i] != v2[i])
         std::cerr << "Vectors are the not the same. Failed" << std::endl;
         return 0;
   }
   std::cout << "Vectors are the Same. Success" << std::endl;
   return 1;
}



	]]></cpp_implementation:member_functions>
	<cpp_implementation:includes><![CDATA[
#include<sstream>
	]]></cpp_implementation:includes>
	<cpp_implementation:finalize><![CDATA[
	]]></cpp_implementation:finalize>
	<cpp_implementation:sources>
	</cpp_implementation:sources>
	<cpp_implementation:state_variables>
	</cpp_implementation:state_variables>
</proximus:cpp_implementation>
